relative_path	size_bytes	sha256
.github/workflows/validate.yml	285	7b95c740773eb88df6c5d568d64b90e80722b50d292b671d34c7da8a48c94c60
.gitignore	80	2db4e97b070dfa375a458fb9205097b8794f79be114774dd5c1f0e6bdaf6fa3e
CITATION.cff	340	d33f1ece7526fa3022ff1900c675b69d5b847f73acc6eab9633583bcae247b68
LICENSE	718	a677258d15fa4776baebaaf57f8cad56d14dd5d1956396ae56f13b68400a3750
README.md	1933	4f6b06b3d8f0f48c06a4c6c0de10b8bad1e2bfccd91226a9e04e69d342168ba1
audit/claims_to_code.tsv	5015	9bb70830dbd0e314a43e4041b6882762912c7110d3db4d2a508fcc7f5051a029
audit/figure_panel_lineage.tsv	12836	922541cdb0ddaabcbac75431e58dc83b333c730e2328161e3f39c00543fd6e5c
audit/reviewer_revision/cis_mr_ld_allele_mapping.tsv	488	76c93aae9b9e071dc054fe2c0acf7a1b0f96cb1ec77d33d3cafdd1c1ebc8d9d4
audit/reviewer_revision/cis_mr_ld_diagnostics.tsv	210	5935d7c5996acfd4a9c367f7c9a5468d0de88c7f33352acd7b82c2909f0ff0a0
audit/reviewer_revision/cis_mr_ld_perturbation_sensitivity.tsv	931	33ef7653e921fb6b5b1a1e6dc9f5a13bcf09b79d1817b2bd725b3153f059969b
audit/reviewer_revision/cis_mr_numerical_sensitivity.tsv	10505	33f39b9209804e3cbf38905d6ad428141ba87ea55e99026d13abc81175c59e77
audit/reviewer_revision/cis_mr_overlap_bias_bound_rebuilt_ld.tsv	1325	3096ae086a771bec62a6cee322c693364aa83676f85f50f411490091ad9aa733
audit/reviewer_revision/coloc_prior_sensitivity.tsv	1027	6ce26e445fa995f7e1eca5131817d7082099fdfeef03832893a0973bce04c12a
audit/reviewer_revision/count_level_acceptor_choice_by_genotype.tsv	335	eadb41275449976a570176fc507f10075d7aa6c0e627c9bfe734e28d8879f2f5
audit/reviewer_revision/count_level_acceptor_choice_depth_sensitivity.tsv	386	ec61996d92d44380b4e3e32ff7b1ed4f2c42eea27a64d12dbc2d548954bc6eaa
audit/reviewer_revision/count_level_acceptor_choice_donors.tsv	22486	282be0a82172ad05ee12ff4a44fd7bc493d8e1317158a621c25695d099946020
audit/reviewer_revision/count_level_acceptor_choice_leave_one_out.tsv	7286	8743092a6eaf8a80a820f67969b91a8245c088760e2d9955dd63af396003e9c5
audit/reviewer_revision/count_level_acceptor_choice_models.tsv	1809	660d9fb435c905fb841396d0acb95bb5c60f507400b7b8a6e37b3313c9fa539a
audit/reviewer_revision/exact_event_coloc_prior_sensitivity.tsv	1224	9682179422448785e3ca29925328f3b9c4d3e30a416d5a0b0eec55287c9cab5a
audit/reviewer_revision/gtex_focal_tissue_donor_counts.tsv	187	13bc37caa0550761d0d95b5f35faeb2efcced273ddac48681bda2e27821b51b0
audit/reviewer_revision/gtex_focal_tissue_donor_overlap.tsv	919	d3f6bc34f3d24b5d14d4b9b939ee357afc629f2bc83755da5ebd8941ab59c9ba
audit/reviewer_revision/gwas_cohort_overlap_audit.tsv	1434	928a9679ba179e9f87edf1e3d3971c95b1631762162205d078bd294a5fe8a206
audit/reviewer_revision/signed_functional_haplotype_audit.tsv	703	ba63cb5d655a6fe9948400aa6b0204b998bd296e07d781ca8a92fe01a9a91100
audit/submission_asset_audit.tsv	1415	fd5d0b3190a3bbcc8ff0327560f4f4e8c9e3a4e0934e01b1e3df633e0be94c3a
code/01_genetic_architecture/01_run_baseline_ldsc.py	8776	2105ffa64fa068fce6df4301fc8abe917c1443eb2f75b21c6fbad70d6609005b
code/01_genetic_architecture/02_run_pair_harmonized_ldsc.py	11331	d5c49571d5a3c889c8b7e300f2b8a0897b7985373b59f742e143b3b6bf30f64c
code/01_genetic_architecture/03_parse_ldsc_results.py	2223	d5dbc1986a06b6dfe3558f4d68218fc47393d3cca37afa07093686be878506d1
code/01_genetic_architecture/04_run_extended_apoe_ld_conditioning.py	23701	ef760258a557c37d889c08ab69502855c1012e143ee8b2543d3606207abd8867
code/01_genetic_architecture/05_run_apoe_window_sensitivity.py	9209	358910636904c667033a6cb0dbe640138d49fb895f2ad376cd34cc18fb22ae99
code/02_colocalization_and_finemapping/01_run_regional_coloc_susie.R	7090	e62a12ac75d2438b396cf0b42bfb49493427210ed685e82d7a3fd4d71950a293
code/02_colocalization_and_finemapping/02_run_hyprcoloc.R	7951	ae5cc4cccb442b5569e70bcb060d07e44ecc7c3cb712695eea27ca6671b977f4
code/02_colocalization_and_finemapping/03_run_susie_finemapping.R	6905	d759f7748ca85998260f619981862bef1583d37328604b6e14ea7e445e86279e
code/02_colocalization_and_finemapping/04_run_tspan14_multitrait_hyprcoloc.R	8640	8659174f43230a6ef28ee7759e020c38777c74d1e5dde73b12dcd64dcd9e7d9a
code/02_colocalization_and_finemapping/05_run_tspan14_coloc_sensitivity.R	6848	9eef74c9f251b1006cb175425a026b0224811cc53fb14eed77d8854424e3044a
code/02_colocalization_and_finemapping/06_annotate_tspan14_ld_block.py	20816	7f95694c760205c5421a90431ecce9c232f3bb4403409a2c396b392bd69d188d
code/02_colocalization_and_finemapping/07_build_signed_functional_haplotype_audit.sh	1175	b3fdc7ecbc00bc2e91f1a3fcddc3bff9e44d74f5e82d4becb215601c714bac93
code/02_colocalization_and_finemapping/08_summarize_signed_functional_haplotype.py	3029	7e8c8e4ff0a8a7cafccc6bb413047575afe3a3603b079ab12773be8409617fc2
code/02_colocalization_and_finemapping/09_rescale_coloc_prior_sensitivity.py	4072	99fbe91bd985ee77b598f792103113922e6c0ddc0f6e06f28d9205ee8e3f522c
code/03_exact_splicing/01_harmonize_microglial_sqtl_alleles.py	15676	cdc49443158001947cf47c04ba4e5c1359a0a8543f7c0085daf114aa9094e679
code/03_exact_splicing/02_define_exact_exon5_6_event.py	28908	1a8afd67cb34b29e02ba9c02ef7a58bc5c86e347cf74d55f9a09776cb6b8bd83
code/03_exact_splicing/03_validate_exact_and_adjacent_junctions.py	11992	944901e2746d3ae533ea2dc0c19b572405fd47727e89b2fb589d6fa9e1a3d0c5
code/03_exact_splicing/04_estimate_raw_intron_excision_ratio.py	22448	1c856dfd6711a2f569248bdfd4e7dd24370af7518c384ab9726426bc29ce64f3
code/03_exact_splicing/05_replicate_exact_event_across_neural_tissues.py	5212	45b779dc40261b6b45aa9d13de11706d30f4a5c7a85f70a270360ac164e1cf11
code/03_exact_splicing/06_analyze_adjacent_junction_cousage.py	6293	ab58671d354526018f2822a5759e05024df0bdf68c42a0a629ed1ae5f4c28cad
code/03_exact_splicing/07_colocalize_exact_event_with_ad.R	2215	393e73f5d3f03204d8f94663fca88773b5a877817a7d94fffe0ae9ce70afaa6c
code/03_exact_splicing/08_colocalize_exact_event_with_lipids.R	2281	b0ea33fda0f1278c82054433861d8fa2b5e5f342cc9e94e9b6824799afe7c515
code/03_exact_splicing/09_run_exact_event_coloc_susie.R	2464	75a1acb5b7465fd8f06f612f9a6cceb18aabfb398fb2ca28a8fafe6154f868e2
code/03_exact_splicing/10_audit_count_level_acceptor_choice.py	13263	c44031b577f910d290f6799d8bb6df67e0b74a54f82530b205d3c525bbf1b49c
code/03_exact_splicing/11_audit_gtex_donor_overlap.py	2408	23c2ee1974e37dba147af4076a541d7a3506dc9889530ee45a607885bc175426
code/03_exact_splicing/12_audit_exact_event_coloc_prior_sensitivity.py	1886	b0a7cdeb744e4edf59b90c3035aa446e4bd2d35abcba0ee9f57b7bf39c992135
code/04_causal_triangulation/01_harmonize_ld_and_allele_orientation.py	2924	c7f4f115055d232926d5fbb3c37a25405dd56cd8fc9513d4e21403db23fd4937
code/04_causal_triangulation/02_run_ld_aware_cis_mr.py	8558	e8c39536de6d394963ff1d3a6f94ca0a602611bef5f23aba6444095635f985b2
code/04_causal_triangulation/03_evaluate_sample_overlap_bias.py	14021	a78ec22174ff285e255e50380d4cc15350550eb65f6ac9cada1c768c66958005
code/04_causal_triangulation/04_run_bidirectional_genomewide_mr.py	22416	c25d04df4556521cbd739c9180f37773b7794acdcc402dd9858bc1b8af2252eb
code/04_causal_triangulation/05_diagnose_mvmr_strength.R	3834	903979ee7245d1048f4272d709ad4339f5dd4b57295030832f3ed215ebfd5303
code/04_causal_triangulation/06_prepare_joint_lipid_mvmr.py	2949	688a26b5298ddb21bae808f82e45b7fc17fbba4c8341e59a04fd0b064ad1cfc3
code/04_causal_triangulation/07_run_joint_lipid_mvmr.R	2055	bd85930944ab77eda85f0ded126c99f8426b76bd7307f1500ff96190853c2b1f
code/04_causal_triangulation/08_run_mr_presso_and_leave_one_out.R	3296	2413f46390fa8c9100c97c548e0b4b1d474a5a52eed7ba6538f1f7687965a1da
code/04_causal_triangulation/09_synthesize_mediation_identifiability.py	11007	dcd3d3a69cdcc8803ab849f3df42368f8329f6a8801853d25aa56a476822af1f
code/04_causal_triangulation/10_prepare_local_pc_mvmr.py	8120	6287d0d72019fa158806c33c3396a19636e5951b012ca3463fff70c40b234563
code/04_causal_triangulation/11_run_local_pc_gmm.R	10900	cdad6a43be11b895775dcaccd8d4998f480f377f09c4c50bee9f19f2bdb9cd39
code/04_causal_triangulation/12_test_pc_dimension_sensitivity.R	7092	6f3f073aa55b2b73d3a9286b7c2f331cae74fffa10b4757bbb92654dd15d2cb8
code/04_causal_triangulation/13_audit_independent_trans_sqtl_instruments.py	6329	618bf5e05a0c194b8e534fa09824616214fdcb94c8b27c714f101b648833b0a7
code/04_causal_triangulation/14_finalize_causal_scope_audit.py	7979	172dba9fb2299b76130abda77a898b10382a1596e1c80e006c66575111d3342f
code/04_causal_triangulation/15_rebuild_five_instrument_1000g_eur_ld.sh	1301	0dfca244b1ef86ea3785925c274ca39ceec96ee6f203a6e08f9e8e9c631607f1
code/04_causal_triangulation/16_audit_cis_mr_numerical_robustness.py	8973	97d271941111585b86d62d25d7a87be806874a566e25828801aa76f4cdb8dc4e
code/04_causal_triangulation/17_rebuild_overlap_bias_bound.py	1602	32ddd17e30ed9f014fb6d2f96c833e8556c6d2a35b01b8db632dfd3aad30eea5
code/05_cell_context/01_analyze_cell_type_chromatin_support.py	21438	68fd28440761eb73993a7ba980f54872f77342a856728041c1113c9b9506be03
code/05_cell_context/02_extract_single_cell_meta_analysis.py	10425	61a8befd98738d0284a804116c5db7f3a40c11a275d57549b96c0bc5a74d1345
code/05_cell_context/03_build_gse138852_pseudobulk.py	6980	3dfc7a072e899387d194d32acc90c9d762ee500356613d00eed1311be6bce097
code/05_cell_context/04_analyze_gse138852_pseudobulk.R	2959	79bb1486031b0a8f3eb2585238f2d322409ffeb2b005a93cf37a2d163e85628f
code/05_cell_context/05_build_gse243292_microglia_pseudobulk.py	6919	924daade8a912e83b6f1ba5829ccc46589c9ee610abef3c819c84bc7d2874330
code/05_cell_context/06_analyze_gse243292_microglia_pseudobulk.R	5097	17c20ae0dffa7555e13222f11a900c80dd38961f77e40249d8db2d11cddb1813
code/05_cell_context/07_separate_bulk_and_cell_resolved_evidence.py	16403	93d4bf4bf8acdefce70f8cd831b446fd9e6897ae6af49544eec65ba960afd146
code/05_cell_context/08_synthesize_cell_context_evidence.py	7841	5a657f062b8a20608f4e6ded51124c62a561796d7dde4eae41a8e3f579782f0e
code/06_transcript_and_protein_context/01_interpret_gene_level_dtu.py	19202	709836a0b87e97f872e6fa19f5f1d0529e9a6742590408cee32cbde3164ca5fb
code/06_transcript_and_protein_context/02_map_splice_boundary_to_protein.py	20793	fbb10730dd0937f7a0b696bc14f3bceb0c04d45d16142169951d6482f5f706e7
code/06_transcript_and_protein_context/03_analyze_ec2_structural_context.py	2547	faa6581612875c16353c8ec61be360d0589354b42c3c9a6a0b36faab11278938
code/06_transcript_and_protein_context/04_audit_protein_and_pqtl_evidence.py	7908	f577985239173328d4e35dd2001888cee5decd31fbd65c35cf1aa951db8a484b
code/07_manuscript_tables/01_build_main_tables.py	24881	e777c4383c90584aced2acf9ae8d694a6164d7bb65329f7ebe92f7346f6b01e8
code/07_manuscript_tables/02_export_current_main_table_sources.py	948	83739c0275d0fb07c626cf004b227702cdb965638c07291339d1783a553dfdab
code/08_supplementary_material/01_build_supplementary_source_tables.py	9246	6f005b2d2c53a2d7f236ae7ce69df1191ea8906e233676912ff2549cbf1562c1
code/08_supplementary_material/02_build_supplementary_workbook.mjs	6531	9e7dabc5c6d04c509e0f7224ef0bfceeb944b275a9cb3d9fb1e6cf4f22c6aaec
code/08_supplementary_material/03_generate_supplementary_figures_S1_to_S9.R	867	41a49c38701c49b353ef6bd84ad652e2eef21e5eaff528efb8f1637675bce6c4
code/08_supplementary_material/04_build_supplementary_information.py	21615	2e2afd7939bce116d7d49f8fbe6cbcdc00250c33fbba1e59e2324918fc4cf554
code/08_supplementary_material/05_update_supplementary_figures_S4_S7.R	10035	694c0a8d3e6cd2d4ada52bc1644537effa0f1d46262a1123fae89590e825e21a
code/08_supplementary_material/05_verify_supplementary_release.py	5850	3c2dd3d0752283690102e433e5e2ea6f13ac743cc39d8c07ac439b26e6ff93c5
code/08_supplementary_material/06_regenerate_supplementary_figure_s3.R	3253	a0461679569fc6f56ec8e9103534a1f334d475cd82de55a1d908629ac1dd2462
code/08_supplementary_material/07_regenerate_supplementary_figure_s9.R	3889	4a26e426d20523c072a8dd0b49ec74945b20b9aa3cc425e3da724d0457482322
code/08_supplementary_material/08_regenerate_supplementary_figure_s2.R	3056	efe674a756e453fff0e56c0692ae938fcf50185fbf060bdb099b2b6d111486a1
code/08_supplementary_material/09_regenerate_supplementary_figures_s1_s5_s6_s8.R	9603	098bd1b42fcd6ca7c86fde1d6f3a8893caf5f3cd680e71ae8a692e2630cccfe2
commands/README.md	1717	041329ba21a3de6f3d6e6d84c09d71b87930dcb6846c5a58bc1d3940fee3b026
commands/build_integrated_manuscript.py	2840	8f04dc096a3b5f0a4cfb20bca33b31120d593ae156c5719ca5b49dfa16fdd1bd
commands/rebuild_figures.ps1	760	416b071689318e81839fc71d938a2aad33cadc0972d9dc3e7dfd5198f9d1658c
commands/rebuild_figures.sh	553	d70f85bcd8ae5651fdbcbfdd883c1de083574c88950b1ccac1207f127feb8e7b
commands/refresh_checksums.py	2019	68a378848f62ef085e1aa2f6f46b2885babf26495681c1c6da1f4c7278446628
commands/sync_main_figure_legends.py	1479	56fa9af0136eb0cd841cbeddb3361fc93b833432a4dd76f9f3c87d7628b89ac5
commands/verify_integrated_manuscript.py	1529	92c77ac3ce84fd7c6d8d6b474b2709c25755331490c9fdd6bd87ecbb3b52f288
commands/verify_main_figure_sync.py	2277	b04046111c591a68df00189b601a3468e5d05c21b79bbf3749fa2f4c3dc5da03
config/analysis_manifest.tsv	15428	421f53b1dd7db255d64799abcfb7ff54dc11e73e3b0818e8285c4282a82148df
config/data_sources.tsv	4430	cd814cefd07fb4b12885d768bbd6fa1df69aab1bd323a6229703f668e51a78fb
config/script_migration.tsv	9631	87992e8e9bb5795dfe33a5004020b294888efc002984457cc0e4d77ca4dc6ad3
data/README.md	778	d712590269cc22336f5e9e230a3c4f5291ffabb13d3cd91711c31f7a583c96dc
environment/python_requirements.txt	68	f0a65c1af020b1f9cbbfdb56a21ea575ca9a0dc6903e8bcffe3c47247147e09c
environment/r_packages.tsv	510	d4b0b650158d96ee9552237aa40e7eef51ee50648f44c58ac7c714debb2ae090
environment/system_requirements.md	342	8ce773b56f4338d6f447184fcc510cd0d123c6d20de4bc36dd91e35c9f9fc8a2
figures/Figure_01/README.md	815	e83db8138c2c9e21b70c307ebeb19ed5e3f02f8f160e2966bda7835cc4a84771
figures/Figure_01/code/00_figure_style_and_io.R	5200	53c55dd9fca919511898d2cb64f7ec6f51c129fd5d18ffd4a7a25900b1c1fb84
figures/Figure_01/code/01_prepare_panel_source_data.R	8222	590dd656576454c1ba9a7d2e107024d79c808557ace158b7a6c8d54c8d484b97
figures/Figure_01/code/02_plot_panels_A_B_C_D.R	16050	4e1be6594adc145ddd382a217302f55b43941a0882f663ea26bbde29bd485a8a
figures/Figure_01/code/03_quality_control.R	4556	00224e93e541cf0ac13323ef0069b3426288b2e654be33d9e3b5a28eddc13018
figures/Figure_01/data/Figure_1_evidence_matrix.tsv	2388	c4dd3ea111cc27306152f28363a95bd6133f27bd388949c9640cecb59aa197b0
figures/Figure_01/data/Figure_1_ldsc_apoe_conditioning.tsv	1560	694761fd7dfd6dac82cc875284f5c4ee309cfe3440c96601fe69c42f5072ec9a
figures/Figure_01/data/Figure_1_regional_prior_sensitivity.tsv	299	02496eff7a8814df57e75f2f0024c0a1c205b0ea62a5f923a0a8f66aa320da67
figures/Figure_01/data/Figure_1_regional_screen.tsv	2278	1f600b16624ebf88fac392abf7d38a271beb68d31c99c053abccaa1b5251d90a
figures/Figure_01/data/Figure_1_variant_fingerprint.tsv	9900	4c36c0fa6429e23cb797e1603aa3e6bf823c5b1734917239248c31270a075eb9
figures/Figure_01/data/panel_A_01_Figure_1_ldsc_apoe_conditioning.tsv	1560	694761fd7dfd6dac82cc875284f5c4ee309cfe3440c96601fe69c42f5072ec9a
figures/Figure_01/data/panel_B_01_Figure_1_regional_screen.tsv	2278	1f600b16624ebf88fac392abf7d38a271beb68d31c99c053abccaa1b5251d90a
figures/Figure_01/data/panel_C_01_Figure_1_evidence_matrix.tsv	2388	c4dd3ea111cc27306152f28363a95bd6133f27bd388949c9640cecb59aa197b0
figures/Figure_01/data/panel_D_01_Figure_1_variant_fingerprint.tsv	9900	4c36c0fa6429e23cb797e1603aa3e6bf823c5b1734917239248c31270a075eb9
figures/Figure_01/legend.md	2241	82c80e996da17df54a09a0b1429d0fe62907419df2ff2c835d5d76aa94205147
figures/Figure_01/output/Figure_1.pdf	59593	1954c4e8271ea1407cd759344930a23814a30656bcaeb0e8ad0046ffa203afa5
figures/Figure_01/output/Figure_1.png	368710	969b6a499bd0c8a7c5f4683de1db323ab2fae7a0c62158c8273731da906e9fec
figures/Figure_01/output/Figure_1.svg	145089	6d0806db5767960299a702f122d1b6ab345b4a4cb9eb60f2cbb8c107ec629708
figures/Figure_01/output/Figure_1.tiff	1252504	6f42eec72d059b5d7214605e5053d0767383174d6cc1a43c3b8a7cb1a9a5630a
figures/Figure_02/README.md	1021	32a09cf84278a382a2ec094462d9f4f222a959afc0430b14cc4a42739ba89f3d
figures/Figure_02/code/00_figure_style_and_io.R	5200	53c55dd9fca919511898d2cb64f7ec6f51c129fd5d18ffd4a7a25900b1c1fb84
figures/Figure_02/code/01_prepare_panel_source_data.R	7844	0c9b1bf61bfd1a620f687fb7202ad855889305afb4b8162885d87c34d8b6708c
figures/Figure_02/code/02_plot_panels_A_B_C_D.R	13066	bf511d3b2d08ddeed5d9446b5f3c88ee592f29367b32a7d06f7c6996fb0b1c86
figures/Figure_02/code/03_quality_control.R	4114	0bdb9af51476e98cce71d5fc1337162226f7c4b6d9af2b68d59faf11efb2efa7
figures/Figure_02/data/Figure_2_annotation_markers_grch38.tsv	1690	a8b12d5248bc3e1ae21c59682b36eddab14d900c5d98c7bf112789f76efb5dcc
figures/Figure_02/data/Figure_2_colocalization_scatter.tsv	498725	be71e947ffedc3d7a2fcf4c9a6b9691db4a53cdfd496f6410eff368a496a3347
figures/Figure_02/data/Figure_2_exact_event_coloc.tsv	277	75d35945cdc90065f83ae12bd3253ae43ead88dadc30cb689c80838164c18cef
figures/Figure_02/data/Figure_2_gencode_v38_exons.tsv	5242	7496798bd635ba7be4f2f64f203b3e0a57b121cb56421cf98b93b906615d3ded
figures/Figure_02/data/Figure_2_gencode_v38_transcripts.tsv	3615	d6524db36ba8a4dcfe146c6e25c7a6f835a64c9309a0337fe959f49b786817f5
figures/Figure_02/data/Figure_2_locus_tracks_grch38.tsv	1805822	db7d0b8cd664657880f36541fb616ce822fabeca51051987f58cd84509953cd5
figures/Figure_02/data/Figure_2_regulatory_elements.tsv	24155	11f517440841382d8faaa1869824107ee5825600a5796d89e420bdf3ef5fd6da
figures/Figure_02/data/Figure_2_splice_events.tsv	339	dd6a3b7c63b075aedf29e6b51ff4e22e375e6aa440eb04c297c9406db89e55ef
figures/Figure_02/data/Figure_2_variant_annotation_matrix.tsv	4310	41d3b92c6ca2c01a2c050aa70766ac65a73702360a15910bcfcfbe960eab439e
figures/Figure_02/data/panel_A_01_Figure_2_locus_tracks_grch38.tsv	1805822	db7d0b8cd664657880f36541fb616ce822fabeca51051987f58cd84509953cd5
figures/Figure_02/data/panel_A_02_Figure_2_annotation_markers_grch38.tsv	1690	a8b12d5248bc3e1ae21c59682b36eddab14d900c5d98c7bf112789f76efb5dcc
figures/Figure_02/data/panel_B_01_Figure_2_gencode_v38_transcripts.tsv	3615	d6524db36ba8a4dcfe146c6e25c7a6f835a64c9309a0337fe959f49b786817f5
figures/Figure_02/data/panel_B_02_Figure_2_gencode_v38_exons.tsv	5242	7496798bd635ba7be4f2f64f203b3e0a57b121cb56421cf98b93b906615d3ded
figures/Figure_02/data/panel_B_03_Figure_2_regulatory_elements.tsv	24155	11f517440841382d8faaa1869824107ee5825600a5796d89e420bdf3ef5fd6da
figures/Figure_02/data/panel_B_04_Figure_2_annotation_markers_grch38.tsv	1690	a8b12d5248bc3e1ae21c59682b36eddab14d900c5d98c7bf112789f76efb5dcc
figures/Figure_02/data/panel_C_01_Figure_2_colocalization_scatter.tsv	498725	be71e947ffedc3d7a2fcf4c9a6b9691db4a53cdfd496f6410eff368a496a3347
figures/Figure_02/data/panel_C_02_Figure_2_exact_event_coloc.tsv	157	1bc9c8e33ca54338ccb42a5c00c4493542922d58493d95f10bcc0a7f7d4480e4
figures/Figure_02/data/panel_D_01_Figure_2_variant_annotation_matrix.tsv	4310	41d3b92c6ca2c01a2c050aa70766ac65a73702360a15910bcfcfbe960eab439e
figures/Figure_02/data/source_manifest.tsv	675	569fbd8b04431fa8e79a5f1bc7f079a06de9cd6f974f3ac0d7d20fb8a71b964d
figures/Figure_02/legend.md	1348	0b950d6999d5a32f7880b1678d52691c51c253cc43f775f62069b566d81f0f5e
figures/Figure_02/output/Figure_2.pdf	321965	aed3d9e1c32e65ee89f9532eaf1643b922a9defd6d023b92bae61ba918cb3773
figures/Figure_02/output/Figure_2.png	449120	72228d3f842529a638baa2b86336c251e79c5b16a58310e1f5d60350ca685ee4
figures/Figure_02/output/Figure_2.svg	1193005	222c997c14df380dd26df05bf432be6eb92a962b7cad80a5ca71494fe58b54e8
figures/Figure_02/output/Figure_2.tiff	1079236	b391de0e6af1d2a17776eb815a35b6805a4cdf891204978f3b98402d28159044
figures/Figure_03/README.md	967	12a2a7ef0512208c53c46a5038fa661ee5d2741649dd018a23fddd1725f1c9fe
figures/Figure_03/code/00_figure_style_and_io.R	5200	53c55dd9fca919511898d2cb64f7ec6f51c129fd5d18ffd4a7a25900b1c1fb84
figures/Figure_03/code/01_prepare_panel_B_reviewer_revision.R	1095	bfba07c4b98f1a03c1f9e2987b9bf9d237689fd7ebae496e0b886b7ace286719
figures/Figure_03/code/01_prepare_panel_source_data.R	6765	5046e19505e58b274ceb4e0f8f87159b3b57744047cc668affacc0bd97ecf70f
figures/Figure_03/code/02_plot_panels_A_B_C_D.R	11398	696a5b17b0158dc3adeaccc9ef214aa0a2ebaee3b7593ec48af236e0d0338d90
figures/Figure_03/code/03_quality_control.R	3781	9b6e4a428f3e0e791f57a552cc51a018a77f9ea8795d188fc2bbc1c8cf6485cf
figures/Figure_03/data/Figure_3_alignment_metric_audit.tsv	818	db9ec8dbffd6df1a6b4179576d5341b13adf92321a1bc516e732366954ca3b31
figures/Figure_03/data/Figure_3_ba24_canonical_cryptic_counts.tsv	21493	7e2b1817d192c72df870419709d1d41402680dfa696745f3c9c49fdaac284961
figures/Figure_03/data/Figure_3_ba24_donor_ier.tsv	21367	9bb9c0a0ff6aa6354fed880b7af6108cd32f73f23d6e97eef032df70887ed895
figures/Figure_03/data/Figure_3_brain_cousage_summary.tsv	3756	0f4646773d64c352aac214789716b3eeb1a875646b8e29164bbb7f1f40a4524c
figures/Figure_03/data/Figure_3_brain_junction_counts.tsv	299312	bdd574a50d5b8493b5c4b2b37bb9c6b5bdd06701e014d856da4f488a123a5ed6
figures/Figure_03/data/Figure_3_canonical_cryptic_models.tsv	1778	5fdd5626247c56ca2fab74dc0e6ac1118ac42790dd7c350eaedf661e937fcbba
figures/Figure_03/data/Figure_3_depth_sensitivity_delta_ier.tsv	543	35fbf72d21dab6d24b33a18c31ec71c2ff7cac95ba2f67f1c8be9ecaf9f80faa
figures/Figure_03/data/Figure_3_detection_depth_sensitivity.tsv	367	cc32e60d6d46ea8ce1d2a76d269f67c40d0a93cdc28f9ad9662b2522bf5f51b6
figures/Figure_03/data/Figure_3_exact_replication_matrix.tsv	6486	771c6d0e27dc840d33ea82eae0a6221d2a857654933d405bb8b70cd1be64d985
figures/Figure_03/data/Figure_3_primary_exons.tsv	98	4a40903dc91dc74f2cc9d5840d7e357c5fe3f308419e997d4714aa008508ed7f
figures/Figure_03/data/Figure_3_splice_events.tsv	354	d3972520cb2886b618f386ace320f8c4ac220e8465f7939ab1b49134097bf4ba
figures/Figure_03/data/panel_A_01_Figure_3_exact_replication_matrix.tsv	6486	771c6d0e27dc840d33ea82eae0a6221d2a857654933d405bb8b70cd1be64d985
figures/Figure_03/data/panel_B_01_Figure_3_ba24_donor_ier.tsv	21367	9bb9c0a0ff6aa6354fed880b7af6108cd32f73f23d6e97eef032df70887ed895
figures/Figure_03/data/panel_B_02_Figure_3_depth_sensitivity_delta_ier.tsv	543	35fbf72d21dab6d24b33a18c31ec71c2ff7cac95ba2f67f1c8be9ecaf9f80faa
figures/Figure_03/data/panel_C_01_Figure_3_brain_junction_counts.tsv	299312	bdd574a50d5b8493b5c4b2b37bb9c6b5bdd06701e014d856da4f488a123a5ed6
figures/Figure_03/data/panel_C_02_Figure_3_brain_cousage_summary.tsv	3756	0f4646773d64c352aac214789716b3eeb1a875646b8e29164bbb7f1f40a4524c
figures/Figure_03/data/panel_D_01_Figure_3_primary_exons.tsv	98	4a40903dc91dc74f2cc9d5840d7e357c5fe3f308419e997d4714aa008508ed7f
figures/Figure_03/data/panel_D_02_Figure_3_splice_events.tsv	354	d3972520cb2886b618f386ace320f8c4ac220e8465f7939ab1b49134097bf4ba
figures/Figure_03/data/panel_D_03_Figure_3_alignment_metric_audit.tsv	818	db9ec8dbffd6df1a6b4179576d5341b13adf92321a1bc516e732366954ca3b31
figures/Figure_03/data/source_manifest.tsv	639	90c8edcffb6137d25ffc79bfd49661dbaef68280544550890f08c54aa1559ecc
figures/Figure_03/legend.md	1289	b1281a442c58c87697267623f29afa21293d5c73694b096aceb37428a620468a
figures/Figure_03/output/Figure_3.pdf	72459	6cbc83fba368621ed3e1c54a7aef883d244e4d992bbbed1039da6e9dd5861f06
figures/Figure_03/output/Figure_3.png	328419	b5ec4d1631020581f45e3ce181db467493421078bbc993405b9cdb759d97b445
figures/Figure_03/output/Figure_3.svg	129152	9afb5e0831eb51f5865e2e6140f7bea2a79e51cfd4c35c867ecd350a8ccd1409
figures/Figure_03/output/Figure_3.tiff	1007264	658618bc2c4bf222a734480e54375bc4130c25f8face47b7f45fc23513bfb901
figures/Figure_04/README.md	970	bcd261a474c33f4043c773bd948143ddf7eefceea6335fe9714efda446e390c7
figures/Figure_04/code/00_figure_style_and_io.R	5200	53c55dd9fca919511898d2cb64f7ec6f51c129fd5d18ffd4a7a25900b1c1fb84
figures/Figure_04/code/01_prepare_panel_source_data.R	5531	c9cad9429f44289d1c66f1925528d91a5121fea5d4a10931f368eef68181d1ef
figures/Figure_04/code/02_plot_panels_A_B_C_D_E_F.R	12829	33fe9b65324a5df95ac038984702ff7e7b707a861556c70f4e9513f758d178b5
figures/Figure_04/code/03_quality_control.R	3939	23c8472afee5eda86148bfcb06ee903a9de6739d1fc5178813cb4966ee261a1c
figures/Figure_04/data/Figure_4_cis_mr_diagnostics.tsv	1952	27dca61172ba484f5c47b10040c539732267e13bd37dc8b8135a3b92e047a792
figures/Figure_04/data/Figure_4_genomewide_lipid_to_ad.tsv	3524	951149ccf9865acc0b35b099194d94118814f60c6641743419416699709608f5
figures/Figure_04/data/Figure_4_global_joint_mvmr.tsv	466	8a3ae62b4d363914da62dc9cea44bedf6a9a9008b64adb37e8eb5284d3ad3f35
figures/Figure_04/data/Figure_4_global_joint_mvmr_strength.tsv	1239	9ceadfe015abc20b2f1be40231968bbdef7af0b2fe0f0cde2c2e218c41dfaaaa
figures/Figure_04/data/Figure_4_instrument_effect_atlas.tsv	4070	61aac0b44e8afed59bb0bda6d6b46f9edccb16ff29bc7a957bb3408829cb20ee
figures/Figure_04/data/Figure_4_ld_aware_cis_mr.tsv	1616	036b3dfb3fab37aa78acd9a1797aa0909b0ee77d218bf1bf404419da06f14c59
figures/Figure_04/data/Figure_4_pc_gmm_dimension_sensitivity.tsv	18366	fe541b6e2617dbf69a2dab48a2ff86273ce3c8bfb65a9a85e0c9ae831330ba91
figures/Figure_04/data/panel_A_01_Figure_4_instrument_effect_atlas.tsv	4070	61aac0b44e8afed59bb0bda6d6b46f9edccb16ff29bc7a957bb3408829cb20ee
figures/Figure_04/data/panel_B_01_Figure_4_ld_aware_cis_mr.tsv	1616	036b3dfb3fab37aa78acd9a1797aa0909b0ee77d218bf1bf404419da06f14c59
figures/Figure_04/data/panel_C_01_Figure_4_cis_mr_diagnostics.tsv	1952	27dca61172ba484f5c47b10040c539732267e13bd37dc8b8135a3b92e047a792
figures/Figure_04/data/panel_D_01_Figure_4_genomewide_lipid_to_ad.tsv	3524	951149ccf9865acc0b35b099194d94118814f60c6641743419416699709608f5
figures/Figure_04/data/panel_E_01_Figure_4_global_joint_mvmr.tsv	466	8a3ae62b4d363914da62dc9cea44bedf6a9a9008b64adb37e8eb5284d3ad3f35
figures/Figure_04/data/panel_E_02_Figure_4_global_joint_mvmr_strength.tsv	1239	9ceadfe015abc20b2f1be40231968bbdef7af0b2fe0f0cde2c2e218c41dfaaaa
figures/Figure_04/data/panel_F_01_Figure_4_pc_gmm_dimension_sensitivity.tsv	18366	fe541b6e2617dbf69a2dab48a2ff86273ce3c8bfb65a9a85e0c9ae831330ba91
figures/Figure_04/data/source_manifest.tsv	649	4a365333594dc2f7cc761470a3a13c557e80727bb4eebb1e731900aa60be3b6d
figures/Figure_04/legend.md	2290	8975557308132e1fa492e2bd464752013ea948c1e3e1d7eed5dd835ba8b497bd
figures/Figure_04/output/Figure_4.pdf	57494	ca26791587eb53af7dfb192eaa4e8d976567245c6c2e88a3c3f36c4ca84a2cb1
figures/Figure_04/output/Figure_4.png	411192	3f514f11e5ce305b96973c4d0b21d595540747e03b4afa85aca79edd639481ab
figures/Figure_04/output/Figure_4.svg	79479	9c7423fa6fbe75fe6ff1bb694e7373db23aa9349886afadd1b8bececfb1c4619
figures/Figure_04/output/Figure_4.tiff	1081622	cad6278f2a020aa0200871db02e1ac0857266464a7fb8d1d2e6d8f07f410ca12
figures/Figure_05/README.md	968	f60f822e3f60ae8f364d34ba4adbd05fc261b7d0c2d7637fab54ed31e90d0710
figures/Figure_05/code/00_figure_style_and_io.R	5200	53c55dd9fca919511898d2cb64f7ec6f51c129fd5d18ffd4a7a25900b1c1fb84
figures/Figure_05/code/01_prepare_panel_source_data.R	7435	aacc76c83b694c562d1c639e4dc18ef80faf6d0e0bdfa6df3b18156d71935dfb
figures/Figure_05/code/02_plot_panels_A_B_C_D_E.R	11818	d850f87d148372237856b0e36ff10456e390939be6aee73ae496821477915f2e
figures/Figure_05/code/03_quality_control.R	3839	5c135bf24866a5171e3a0b2bf87f9283120809e14b9a08e247263586bc66a93a
figures/Figure_05/data/Figure_5_cell_context_atlas.tsv	766	9cdc5d0e86511ac1d7d1b736d42eeecda88755d7aa3eea6629f4d807829d0963
figures/Figure_05/data/Figure_5_disease_state_rna.tsv	682	89014654956ae060b48ed9e56686714260f86def05df1641dd3ce0ef7d4694d6
figures/Figure_05/data/Figure_5_ec2_structure.tsv	6705	7629139a3610d39b2f91e294eb8808d033d652379c4bed52659af5fa24b56f55
figures/Figure_05/data/Figure_5_exact_event_cross_context.tsv	1516	758bf34201fb8a7db8c243e1744754d8735dc7f992a57cd4581695b4b6b229b7
figures/Figure_05/data/Figure_5_single_nucleus_eqtl.tsv	2685	02cfd82a78e0fbd1fd55d3abc880733a852aecde088a0ceacc866dbb1a01f6c4
figures/Figure_05/data/Figure_5_structure_summary.tsv	461	941aec6b74c8144e66876400cd15ad70b329d626d2cf1514df475af9953fcc35
figures/Figure_05/data/Figure_5_transcript_events.tsv	782	cd8b12431958f997dd1bb7ed98c725bc3fb6747c74fd8089a52aa4d6b28e1b26
figures/Figure_05/data/panel_A_01_Figure_5_cell_context_atlas.tsv	766	9cdc5d0e86511ac1d7d1b736d42eeecda88755d7aa3eea6629f4d807829d0963
figures/Figure_05/data/panel_A_02_Figure_5_exact_event_cross_context.tsv	1516	758bf34201fb8a7db8c243e1744754d8735dc7f992a57cd4581695b4b6b229b7
figures/Figure_05/data/panel_B_01_Figure_5_single_nucleus_eqtl.tsv	2685	02cfd82a78e0fbd1fd55d3abc880733a852aecde088a0ceacc866dbb1a01f6c4
figures/Figure_05/data/panel_C_01_Figure_5_disease_state_rna.tsv	682	89014654956ae060b48ed9e56686714260f86def05df1641dd3ce0ef7d4694d6
figures/Figure_05/data/panel_D_01_Figure_5_ec2_structure.tsv	6705	7629139a3610d39b2f91e294eb8808d033d652379c4bed52659af5fa24b56f55
figures/Figure_05/data/panel_D_02_Figure_5_transcript_events.tsv	782	cd8b12431958f997dd1bb7ed98c725bc3fb6747c74fd8089a52aa4d6b28e1b26
figures/Figure_05/data/panel_D_03_Figure_5_structure_summary.tsv	461	941aec6b74c8144e66876400cd15ad70b329d626d2cf1514df475af9953fcc35
figures/Figure_05/data/panel_E_01_Figure_5_structure_summary.tsv	461	941aec6b74c8144e66876400cd15ad70b329d626d2cf1514df475af9953fcc35
figures/Figure_05/data/source_manifest.tsv	642	bc598d2398588d19e93d0cb84d9b5b45810e44a9071979a58092881178083c88
figures/Figure_05/legend.md	2026	1827d79447228a9636bdffe22e9d6e267b6362a0f40f48ebedcedb3672eaba21
figures/Figure_05/output/Figure_5.pdf	53329	69e806dab5429ee6636c6ee47c3d742a9f3f958b6a18f8ff3d7781ecc008923d
figures/Figure_05/output/Figure_5.png	252612	a0c59618cc607b68cb973b433451537a4659fbba1459da27418a9602b72e83ef
figures/Figure_05/output/Figure_5.svg	67527	106c148718472be2d53e86e0a78badcf7a2d087a14324c4e91e4ec3704c6a4b0
figures/Figure_05/output/Figure_5.tiff	830734	22e3d5e4942dea4f3609aa7181bc202895a3fe8fcdbd1fd514a474b0c2507b21
figures/Figure_06/README.md	789	3db2cb2c9c1eafaafca5ce2d138159bb5c54b3b4c8b2486e1bf39994b534fd63
figures/Figure_06/code/00_figure_style_and_io.R	5200	53c55dd9fca919511898d2cb64f7ec6f51c129fd5d18ffd4a7a25900b1c1fb84
figures/Figure_06/code/01_prepare_panel_source_data.R	4608	1afbe8ff995d53d3479063ee5a39654f56dea4ee7175978bdb677ee360809466
figures/Figure_06/code/02_plot_panels_MODEL.R	16315	72d2c124f4425cbed64d7307fa5cc6612210a3da5bb6b5768ff94df996b77663
figures/Figure_06/code/03_quality_control.R	3008	e463541e2fad30c8d6d40156f3f0935ba82d552194f92915b6beb0c48b4f46dd
figures/Figure_06/data/Figure_5_exact_event_cross_context.tsv	1516	758bf34201fb8a7db8c243e1744754d8735dc7f992a57cd4581695b4b6b229b7
figures/Figure_06/data/Figure_5_exact_event_triangulation.tsv	198	f7bc979efbfb118011fd57011175dafdf002ae90d5f4b805ec80ae5f96b6a3ce
figures/Figure_06/data/Figure_6_cross_tissue_context.tsv	790	58f73b0861574f9c7735930244a3589356da88f09bdf234820773a2663605639
figures/Figure_06/data/Figure_6_edges.tsv	1301	9eba51b1a53720fa6fc30296824f16ffe1122c18085662d8bbca803bfc5abef7
figures/Figure_06/data/Figure_6_exact_event_triangulation.tsv	285	66cf9241f83c1c0137ad7296a64acd6b8bc7507d873b30b6a6830d7167f2f73b
figures/Figure_06/data/Figure_6_structure_summary.tsv	56	3a36721ebea95717ed022068ada57d089e56aa63457e05a3b6963ffde86656c9
figures/Figure_06/data/panel_MODEL_01_Figure_5_exact_event_cross_context.tsv	1516	758bf34201fb8a7db8c243e1744754d8735dc7f992a57cd4581695b4b6b229b7
figures/Figure_06/data/panel_MODEL_02_Figure_6_structure_summary.tsv	56	3a36721ebea95717ed022068ada57d089e56aa63457e05a3b6963ffde86656c9
figures/Figure_06/data/panel_MODEL_03_Figure_6_edges.tsv	1301	9eba51b1a53720fa6fc30296824f16ffe1122c18085662d8bbca803bfc5abef7
figures/Figure_06/data/panel_MODEL_04_Figure_5_exact_event_triangulation.tsv	198	f7bc979efbfb118011fd57011175dafdf002ae90d5f4b805ec80ae5f96b6a3ce
figures/Figure_06/data/source_manifest.tsv	327	e847926bc32d7484509648c8e97a49830bba298c9b278608f165b96cebd1a0b0
figures/Figure_06/legend.md	1194	61e918e4188f443ee933ddcaf186b3d199cfb59292f3dd192a83c6555b2386da
figures/Figure_06/output/Figure_6.pdf	54655	d7f02ad288972e0b8783cd3af55e93d7aae99341bc8f0d27fdfa48061dd68fa3
figures/Figure_06/output/Figure_6.png	226674	31d168e58e8bd8bcfab165caea94cdc5579eb0f2016834e3b848dc7dc68186d6
figures/Figure_06/output/Figure_6.svg	36107	cac30ac9504f751c6062f5853d9fde658b6f5eaf2ecc2427c807d20be8303ceb
figures/Figure_06/output/Figure_6.tiff	1041546	17bef0f37d784e23ecc865ab63dd4acdd7e6410a0150f321d4165c24fa00ccb2
figures/Supplementary_Figures/Figure_S01/Figure_S1.pdf	36785	ecbf0a7358ac73bba3e43469b5c2ac91d902ec6f2f59aa291f9f0aafdd55ca91
figures/Supplementary_Figures/Figure_S01/Figure_S1.png	82568	11981ad799de41d46fee7bc431e7712c3ce50d49355efcda49253b5bb36d9187
figures/Supplementary_Figures/Figure_S01/Figure_S1.svg	15091	be8e645abf8f0120e9ea4d667a2b5c96bc8ac80a4d7be9013051b332c333a616
figures/Supplementary_Figures/Figure_S01/Figure_S1.tiff	249080	17e76ddd7f14d04fb69e95703b017c164c2d87e85ca1d9293da2db5ed1d4fb87
figures/Supplementary_Figures/Figure_S02/Figure_S2.pdf	38772	d9a5ed6b4be95e77e7d4afd6a7afb551f5d2e1342b54b33defae4cd745cb3f88
figures/Supplementary_Figures/Figure_S02/Figure_S2.png	189606	181cd5af3589bc3d85ad6e97cf1233d4fb1746a225ddaa15e67b93539324c501
figures/Supplementary_Figures/Figure_S02/Figure_S2.svg	25159	1bdce22e54f0a4fa0facb6f0b2dcac00ae484d9e25df062be6401804da20ffa1
figures/Supplementary_Figures/Figure_S02/Figure_S2.tiff	460342	ab4208b4c22991dd83c2490b3875afb8c5103897d108a1d52c542851958a8cdb
figures/Supplementary_Figures/Figure_S03/Figure_S3.pdf	42756	766c348ebbe6064825812d7bfc33d68dbc3dccac92231769eefe77195fe1a535
figures/Supplementary_Figures/Figure_S03/Figure_S3.png	191496	cc1e1753c9decdd4e6e227d24bcc38713e5bef7d525a34655baab773b7d13f2f
figures/Supplementary_Figures/Figure_S03/Figure_S3.svg	32866	17485aa2db1cb359cd07016a60e8bceba8bf66e37455e1f17579ef2b9323df23
figures/Supplementary_Figures/Figure_S03/Figure_S3.tiff	922948	6c33424f6aa897544b9d40aee88af3de68a67c6cdd42bd9cd8bdb80721e8e9fb
figures/Supplementary_Figures/Figure_S04/Figure_S4.pdf	44303	0b64cac7a5c723369c7f6f73bc85de8019df3a97f6df177127a034bee919a4da
figures/Supplementary_Figures/Figure_S04/Figure_S4.png	136080	43ce798ace6823461f066aa7d91a71c1904079f34faaf9541209f137227b1810
figures/Supplementary_Figures/Figure_S04/Figure_S4.svg	39005	0709a86582fadb496a5c50fda0b5ebcabba661b426b4a0eb0d89f8742efc7a91
figures/Supplementary_Figures/Figure_S04/Figure_S4.tiff	351988	0835d5d75f518dfcd45b82b6dc76629a571705d7fe99e3d4888f6d8617ef0cf8
figures/Supplementary_Figures/Figure_S05/Figure_S5.pdf	40699	20d17f8362c0bffdf1af622c806b25cf9d01f576af737fb22b9d6fec25567c03
figures/Supplementary_Figures/Figure_S05/Figure_S5.png	120364	5ff94c9912db03084f6f4ca718bdf577b2ecc46cdbbefad26dbdf120c6ec0736
figures/Supplementary_Figures/Figure_S05/Figure_S5.svg	19049	fdf52bfe1ea3b4434e34c8c9731e5d0e9f799be8f3f21be9e663dacd83546fef
figures/Supplementary_Figures/Figure_S05/Figure_S5.tiff	644058	774c096093f07875bb055ad83eb69a59932328c0e43e27d6b721f4f470dbc2ef
figures/Supplementary_Figures/Figure_S06/Figure_S6.pdf	44179	84536ef12e4697b18d3806dcbb1e97a7026bc2fb1dcd978a88b9bfaa55424e54
figures/Supplementary_Figures/Figure_S06/Figure_S6.png	243683	0093d61a2deddd5a1259555b02b7120e31e34e259dc15b32778ac70c2e59a2a3
figures/Supplementary_Figures/Figure_S06/Figure_S6.svg	35581	758c0f7e12da47438277026776b2db8d6f4a7a24045757b37aed0172dfde7f64
figures/Supplementary_Figures/Figure_S06/Figure_S6.tiff	797162	77c4f1ef72aa68738b195396700ee17ca11c8058204a771b06f7823836b4ec09
figures/Supplementary_Figures/Figure_S07/Figure_S7.pdf	42311	8d4d46ad7263369d5a072763b3fc742d90bca8d5d452ab9fe479651adaee3d2c
figures/Supplementary_Figures/Figure_S07/Figure_S7.png	123531	7a999d663b26280896979f444b9ba92d9b12a9933877ae71cec417a0d78f93d3
figures/Supplementary_Figures/Figure_S07/Figure_S7.svg	31392	e78a87d68908f4fdc368ff2a59b6a05a3d1ff6eeb9f05b92fb6c3200231ed846
figures/Supplementary_Figures/Figure_S07/Figure_S7.tiff	332172	7856a1bdf551e4e1d346895e944267559ac969c8c92fb8ced007bb5830360661
figures/Supplementary_Figures/Figure_S08/Figure_S8.pdf	43256	d2ce57a1de23bc53ed0647a58df89813c4f3945da89f8c87d85737042724edcc
figures/Supplementary_Figures/Figure_S08/Figure_S8.png	248646	3bbc1cc4b06a213a3cae7bbb40a230e1edf5bad6e49ac5df71ce0290ffd5085e
figures/Supplementary_Figures/Figure_S08/Figure_S8.svg	30175	aa07ee92597b0a708315f3397e48d0916d24aa97161ec19fdab03c2586249562
figures/Supplementary_Figures/Figure_S08/Figure_S8.tiff	592708	d79eb6715caaad805b056329a2eac0e988b9550f1f1426f0908ed1f364f293cb
figures/Supplementary_Figures/Figure_S09/Figure_S9.pdf	45672	dccbc2b99360729e3236bf975f7de4a4a0ae1b727f1a9ccaa9a66355ff4044d4
figures/Supplementary_Figures/Figure_S09/Figure_S9.png	253592	302fe2dcc4167f43e3eea3ed6ada5231867683cc5078137eed42b6dfa0283cbb
figures/Supplementary_Figures/Figure_S09/Figure_S9.svg	22436	2b270e5c4668e942b48d41b10f7a4052e5fb0ff56c970987274c8c571b79d3c3
figures/Supplementary_Figures/Figure_S09/Figure_S9.tiff	617638	1d04ce7f4811d4b92a4c374b3c4cf11f672c7870b2c26be41299aec9eb7d2f1f
figures/Supplementary_Figures/README.md	372	79713f000624334af4886a2c8e6c06304bfd21d2ffdd2a4844c0e7b257449b7f
figures/Supplementary_Figures/source_table_index.tsv	1494	b34fe1e36ce60a653160c1186c63e31f5f591672e21d44a7dbb2736b5ff03c8c
tables/main/README.md	220	39137c5d26d7217315c8fe79b84147cbaf07d21283b5a4a93bb5327fabc786dc
tables/main/code/01_build_main_tables.py	24752	76a026000e4c54094c75b007ec3bff39814785bd2fc8ef341ab156414e8a51c8
tables/main/code/02_export_current_main_table_sources.py	948	83739c0275d0fb07c626cf004b227702cdb965638c07291339d1783a553dfdab
tables/main/source_data/Table_1_source.tsv	1791	e74bc1232694e3ac33073248d3b95c476e8889d971cca99f25e3a812b088c1ee
tables/main/source_data/Table_2_source.tsv	2990	8a4a3239c9817143215f034c364d5408f011a9f19630e99aea228f16258e925e
tables/supplementary/README.md	238	a19737375e44208967b6164b26b2b820fde0b93961086460b494a333bff11325
tables/supplementary/Supplementary_Information.docx	1487513	c8a9e1f401ac5219ee3f8c66b35dc06bd36ca4468f29840f8a212681bf10bfab
tables/supplementary/Supplementary_Information.pdf	1627353	692e675ebaf759f00664a3e5786dab5dcb1267e9883d9bdd1a0ddd55d5563823
tables/supplementary/Supplementary_Tables.xlsx	184323	f55d8f4ab1f8b39a6c895c886e0724ceca18fdf4016f7bfb6cfa79f5f91f9076
tables/supplementary/source_data/Table_S00_Index.tsv	1494	b34fe1e36ce60a653160c1186c63e31f5f591672e21d44a7dbb2736b5ff03c8c
tables/supplementary/source_data/Table_S01.tsv	2613	9fb3826e7a20a9dfb3bf7a9e94d0938146e0c43229f4bdb1aa66264529f73d1d
tables/supplementary/source_data/Table_S02.tsv	9156	0a29780ff8068a1ca4a5aacdf69d785d2d3e4cf6692b8a8e55a36902ea46a771
tables/supplementary/source_data/Table_S03.tsv	2471	72bf6779cb08c8f0a90c48618d37d34b69427baa85fd694917ab667afbf2e019
tables/supplementary/source_data/Table_S04.tsv	4761	ecb4495fcd04206a8cfb809f15ef37c9ca1b8c369ae9404bb097c315e4693e81
tables/supplementary/source_data/Table_S05.tsv	12881	465cd02b717bb6335f191d102a9c25abcde16df290900deef25916459b2b787c
tables/supplementary/source_data/Table_S06.tsv	31777	092c444335a707922fab1558b72b804b93e9f5d7327c8b9433e69477713d0b6e
tables/supplementary/source_data/Table_S07.tsv	41253	93ee24616c49fbd9d2f73e884fd054e7097dc7f16587f2316842b21cf8a75802
tables/supplementary/source_data/Table_S08.tsv	9848	355b3ef9715f98d3998ce306e4f0d42e638e26cfffa6359f9cbda546d19cb449
tables/supplementary/source_data/Table_S09.tsv	3908	d258dde8e278722d070bfd2ea52fd88cd2f5581d0d93f48a42a76ea333d3a59b
tables/supplementary/source_data/Table_S10.tsv	21589	2496fd8c911c2007eac7e8aaab7db843de53221ea18d4d21ce9f9f6a66711662
tables/supplementary/source_data/Table_S11.tsv	13930	633f5f346b973f66846b136e356ce0009181ae4306a3aabea22d99f1ab206660
tables/supplementary/source_data/Table_S12.tsv	5783	19fecaf877d753a9e2f473134d088a36237a90a38471774423682c4f69677a9a
tables/supplementary/source_data/Table_S13.tsv	3954	2fc5a349cd4f16cdbe2a90706f9aac4dd699be33676ee9f3579ef4b04e5a1a9b
tables/supplementary/source_data/Table_S14.tsv	17200	82ebeebcedce5853d94e0b068cc9c523bc4c962b6f7d90938d15093cd9f26570
tables/supplementary/source_data/Table_S15.tsv	1949	e2c1280da67c4d1a7d5e075f7d8c739a71b99b14f4d95c59f1ba1965a53bbcdb
tables/supplementary/source_data/Table_S16.tsv	11717	483fe83c2db006f79e7b702a2e877c854d10722f4746509fc22fa459787d0d62
tables/supplementary/source_data/Table_S17.tsv	7301	4f2deb679d910c72a656e3c856f57a8c1140ffb3b8c9d804113c65ae76021e28
tables/supplementary/source_data/Table_S18.tsv	890	ee859580911473192678968c5edd05d35c6c86aff556efe534fd96edd4252622
tables/supplementary/source_data/Table_S19.tsv	16079	78d78270808d6d68d5f37396811b5f70e5221d25258b99d1a08d7d707fa9fe89
tests/validate_release.py	4306	bd75c96ae53791a9a43923c2a59c5c854273a88c9f3cc10e0a4923d8866d6a9b
