source	source_url	chrom	chromStart_0based	chromEnd_0based	ccre_id	ccre_class	encode_label	ucsc_label	description	score	zScore	is_enhancer_like	overlaps_target_splice_interval	target_splice_overlap_bp	distance_to_target_splice_interval_bp	contains_core_or_extended_snp	contained_snps	nearest_core_or_extended_snp	nearest_snp_distance_bp	evidence_boundary	start_mb	end_mb	mid_mb	highlight_splice	highlight_snp	display_class	functional_anchor
"UCSC Genome Browser API encodeCcreCombined hg38"	"https://api.genome.ucsc.edu/getData/track?genome=hg38;track=encodeCcreCombined;chrom=chr10;start=80480000;end=80526000"	"chr10"	80483376	80483570	"EH38E1483298"	"dELS"	"dELS"	"enhD"	"EH38E1483298 distal enhancer-like signature"	209	2.0942	TRUE	FALSE	0	25901	FALSE	NA	"rs1870140"	3423	"ENCODE cCRE supports regulatory-element context in the LD block, not disease-state cell-type specificity."	80.483376	80.48357	80.483473	FALSE	FALSE	"dELS"	FALSE
"UCSC Genome Browser API encodeCcreCombined hg38"	"https://api.genome.ucsc.edu/getData/track?genome=hg38;track=encodeCcreCombined;chrom=chr10;start=80480000;end=80526000"	"chr10"	80483918	80484165	"EH38E1483299"	"dELS"	"dELS"	"enhD"	"EH38E1483299 distal enhancer-like signature"	383	3.83696	TRUE	FALSE	0	25306	FALSE	NA	"rs1870140"	2828	"ENCODE cCRE supports regulatory-element context in the LD block, not disease-state cell-type specificity."	80.483918	80.484165	80.4840415	FALSE	FALSE	"dELS"	FALSE
"UCSC Genome Browser API encodeCcreCombined hg38"	"https://api.genome.ucsc.edu/getData/track?genome=hg38;track=encodeCcreCombined;chrom=chr10;start=80480000;end=80526000"	"chr10"	80484254	80484591	"EH38E1483300"	"dELS"	"dELS"	"enhD"	"EH38E1483300 distal enhancer-like signature"	262	2.62936	TRUE	FALSE	0	24880	FALSE	NA	"rs1870140"	2402	"ENCODE cCRE supports regulatory-element context in the LD block, not disease-state cell-type specificity."	80.484254	80.484591	80.4844225	FALSE	FALSE	"dELS"	FALSE
"UCSC Genome Browser API encodeCcreCombined hg38"	"https://api.genome.ucsc.edu/getData/track?genome=hg38;track=encodeCcreCombined;chrom=chr10;start=80480000;end=80526000"	"chr10"	80484680	80485021	"EH38E1483301"	"dELS"	"dELS"	"enhD"	"EH38E1483301 distal enhancer-like signature"	441	4.4181	TRUE	FALSE	0	24450	FALSE	NA	"rs1870140"	1972	"ENCODE cCRE supports regulatory-element context in the LD block, not disease-state cell-type specificity."	80.48468	80.485021	80.4848505	FALSE	FALSE	"dELS"	FALSE
"UCSC Genome Browser API encodeCcreCombined hg38"	"https://api.genome.ucsc.edu/getData/track?genome=hg38;track=encodeCcreCombined;chrom=chr10;start=80480000;end=80526000"	"chr10"	80485077	80485373	"EH38E1483302"	"dELS"	"dELS"	"enhD"	"EH38E1483302 distal enhancer-like signature"	383	3.83983	TRUE	FALSE	0	24098	FALSE	NA	"rs1870140"	1620	"ENCODE cCRE supports regulatory-element context in the LD block, not disease-state cell-type specificity."	80.485077	80.485373	80.485225	FALSE	FALSE	"dELS"	FALSE
"UCSC Genome Browser API encodeCcreCombined hg38"	"https://api.genome.ucsc.edu/getData/track?genome=hg38;track=encodeCcreCombined;chrom=chr10;start=80480000;end=80526000"	"chr10"	80485747	80486081	"EH38E1483303"	"dELS,CTCF-bound"	"dELS"	"enhD"	"EH38E1483303 distal enhancer-like signature"	415	4.1566	TRUE	FALSE	0	23390	FALSE	NA	"rs1870140"	912	"ENCODE cCRE supports regulatory-element context in the LD block, not disease-state cell-type specificity."	80.485747	80.486081	80.485914	FALSE	FALSE	"dELS"	FALSE
"UCSC Genome Browser API encodeCcreCombined hg38"	"https://api.genome.ucsc.edu/getData/track?genome=hg38;track=encodeCcreCombined;chrom=chr10;start=80480000;end=80526000"	"chr10"	80486421	80486626	"EH38E1483304"	"dELS"	"dELS"	"enhD"	"EH38E1483304 distal enhancer-like signature"	380	3.80577	TRUE	FALSE	0	22845	FALSE	NA	"rs1870140"	367	"ENCODE cCRE supports regulatory-element context in the LD block, not disease-state cell-type specificity."	80.486421	80.486626	80.4865235	FALSE	FALSE	"dELS"	FALSE
"UCSC Genome Browser API encodeCcreCombined hg38"	"https://api.genome.ucsc.edu/getData/track?genome=hg38;track=encodeCcreCombined;chrom=chr10;start=80480000;end=80526000"	"chr10"	80487115	80487413	"EH38E1483306"	"pELS"	"pELS"	"enhP"	"EH38E1483306 proximal enhancer-like signature"	242	2.42541	TRUE	FALSE	0	22058	FALSE	NA	"rs1870140"	122	"ENCODE cCRE supports regulatory-element context in the LD block, not disease-state cell-type specificity."	80.487115	80.487413	80.487264	FALSE	FALSE	"pELS"	FALSE
"UCSC Genome Browser API encodeCcreCombined hg38"	"https://api.genome.ucsc.edu/getData/track?genome=hg38;track=encodeCcreCombined;chrom=chr10;start=80480000;end=80526000"	"chr10"	80487556	80487726	"EH38E1483307"	"pELS"	"pELS"	"enhP"	"EH38E1483307 proximal enhancer-like signature"	312	3.12706	TRUE	FALSE	0	21745	FALSE	NA	"rs1870140"	563	"ENCODE cCRE supports regulatory-element context in the LD block, not disease-state cell-type specificity."	80.487556	80.487726	80.487641	FALSE	FALSE	"pELS"	FALSE
"UCSC Genome Browser API encodeCcreCombined hg38"	"https://api.genome.ucsc.edu/getData/track?genome=hg38;track=encodeCcreCombined;chrom=chr10;start=80480000;end=80526000"	"chr10"	80487828	80488178	"EH38E1483308"	"pELS,CTCF-bound"	"pELS"	"enhP"	"EH38E1483308 proximal enhancer-like signature"	470	4.70978	TRUE	FALSE	0	21293	FALSE	NA	"rs1870140"	835	"ENCODE cCRE supports regulatory-element context in the LD block, not disease-state cell-type specificity."	80.487828	80.488178	80.488003	FALSE	FALSE	"pELS"	FALSE
"UCSC Genome Browser API encodeCcreCombined hg38"	"https://api.genome.ucsc.edu/getData/track?genome=hg38;track=encodeCcreCombined;chrom=chr10;start=80480000;end=80526000"	"chr10"	80488191	80488529	"EH38E1483309"	"pELS,CTCF-bound"	"pELS"	"enhP"	"EH38E1483309 proximal enhancer-like signature"	400	4.00463	TRUE	FALSE	0	20942	FALSE	NA	"rs1870140"	1198	"ENCODE cCRE supports regulatory-element context in the LD block, not disease-state cell-type specificity."	80.488191	80.488529	80.48836	FALSE	FALSE	"pELS"	FALSE
"UCSC Genome Browser API encodeCcreCombined hg38"	"https://api.genome.ucsc.edu/getData/track?genome=hg38;track=encodeCcreCombined;chrom=chr10;start=80480000;end=80526000"	"chr10"	80488570	80488837	"EH38E1483310"	"pELS"	"pELS"	"enhP"	"EH38E1483310 proximal enhancer-like signature"	296	2.96854	TRUE	FALSE	0	20634	FALSE	NA	"rs1870140"	1577	"ENCODE cCRE supports regulatory-element context in the LD block, not disease-state cell-type specificity."	80.48857	80.488837	80.4887035	FALSE	FALSE	"pELS"	FALSE
"UCSC Genome Browser API encodeCcreCombined hg38"	"https://api.genome.ucsc.edu/getData/track?genome=hg38;track=encodeCcreCombined;chrom=chr10;start=80480000;end=80526000"	"chr10"	80491645	80491995	"EH38E1483313"	"dELS,CTCF-bound"	"dELS"	"enhD"	"EH38E1483313 distal enhancer-like signature"	483	4.8326	TRUE	FALSE	0	17476	TRUE	"rs7922621"	"rs7922621"	0	"ENCODE cCRE supports regulatory-element context in the LD block, not disease-state cell-type specificity."	80.491645	80.491995	80.49182	FALSE	TRUE	"dELS"	TRUE
"UCSC Genome Browser API encodeCcreCombined hg38"	"https://api.genome.ucsc.edu/getData/track?genome=hg38;track=encodeCcreCombined;chrom=chr10;start=80480000;end=80526000"	"chr10"	80493194	80493516	"EH38E1483315"	"dELS"	"dELS"	"enhD"	"EH38E1483315 distal enhancer-like signature"	272	2.72346	TRUE	FALSE	0	15955	FALSE	NA	"rs6586028"	712	"ENCODE cCRE supports regulatory-element context in the LD block, not disease-state cell-type specificity."	80.493194	80.493516	80.493355	FALSE	FALSE	"dELS"	FALSE
"UCSC Genome Browser API encodeCcreCombined hg38"	"https://api.genome.ucsc.edu/getData/track?genome=hg38;track=encodeCcreCombined;chrom=chr10;start=80480000;end=80526000"	"chr10"	80493612	80493956	"EH38E1483316"	"dELS,CTCF-bound"	"dELS"	"enhD"	"EH38E1483316 distal enhancer-like signature"	483	4.83553	TRUE	FALSE	0	15515	FALSE	NA	"rs6586028"	272	"ENCODE cCRE supports regulatory-element context in the LD block, not disease-state cell-type specificity."	80.493612	80.493956	80.493784	FALSE	FALSE	"dELS"	FALSE
"UCSC Genome Browser API encodeCcreCombined hg38"	"https://api.genome.ucsc.edu/getData/track?genome=hg38;track=encodeCcreCombined;chrom=chr10;start=80480000;end=80526000"	"chr10"	80495267	80495564	"EH38E1483317"	"dELS,CTCF-bound"	"dELS"	"enhD"	"EH38E1483317 distal enhancer-like signature"	428	4.28292	TRUE	FALSE	0	13907	FALSE	NA	"rs6586028"	1039	"ENCODE cCRE supports regulatory-element context in the LD block, not disease-state cell-type specificity."	80.495267	80.495564	80.4954155	FALSE	FALSE	"dELS"	FALSE
"UCSC Genome Browser API encodeCcreCombined hg38"	"https://api.genome.ucsc.edu/getData/track?genome=hg38;track=encodeCcreCombined;chrom=chr10;start=80480000;end=80526000"	"chr10"	80497258	80497579	"EH38E1483320"	"dELS"	"dELS"	"enhD"	"EH38E1483320 distal enhancer-like signature"	479	4.79845	TRUE	FALSE	0	11892	FALSE	NA	"rs6586028"	3030	"ENCODE cCRE supports regulatory-element context in the LD block, not disease-state cell-type specificity."	80.497258	80.497579	80.4974185	FALSE	FALSE	"dELS"	FALSE
"UCSC Genome Browser API encodeCcreCombined hg38"	"https://api.genome.ucsc.edu/getData/track?genome=hg38;track=encodeCcreCombined;chrom=chr10;start=80480000;end=80526000"	"chr10"	80497604	80497954	"EH38E1483321"	"dELS"	"dELS"	"enhD"	"EH38E1483321 distal enhancer-like signature"	606	6.06652	TRUE	FALSE	0	11517	FALSE	NA	"rs6586028"	3376	"ENCODE cCRE supports regulatory-element context in the LD block, not disease-state cell-type specificity."	80.497604	80.497954	80.497779	FALSE	FALSE	"dELS"	FALSE
"UCSC Genome Browser API encodeCcreCombined hg38"	"https://api.genome.ucsc.edu/getData/track?genome=hg38;track=encodeCcreCombined;chrom=chr10;start=80480000;end=80526000"	"chr10"	80498102	80498442	"EH38E1483322"	"dELS,CTCF-bound"	"dELS"	"enhD"	"EH38E1483322 distal enhancer-like signature"	264	2.64208	TRUE	FALSE	0	11029	FALSE	NA	"rs6586028"	3874	"ENCODE cCRE supports regulatory-element context in the LD block, not disease-state cell-type specificity."	80.498102	80.498442	80.498272	FALSE	FALSE	"dELS"	FALSE
"UCSC Genome Browser API encodeCcreCombined hg38"	"https://api.genome.ucsc.edu/getData/track?genome=hg38;track=encodeCcreCombined;chrom=chr10;start=80480000;end=80526000"	"chr10"	80498485	80498748	"EH38E1483323"	"dELS"	"dELS"	"enhD"	"EH38E1483323 distal enhancer-like signature"	330	3.30909	TRUE	FALSE	0	10723	FALSE	NA	"rs6586028"	4257	"ENCODE cCRE supports regulatory-element context in the LD block, not disease-state cell-type specificity."	80.498485	80.498748	80.4986165	FALSE	FALSE	"dELS"	FALSE
"UCSC Genome Browser API encodeCcreCombined hg38"	"https://api.genome.ucsc.edu/getData/track?genome=hg38;track=encodeCcreCombined;chrom=chr10;start=80480000;end=80526000"	"chr10"	80498872	80499216	"EH38E1483324"	"dELS,CTCF-bound"	"dELS"	"enhD"	"EH38E1483324 distal enhancer-like signature"	538	5.38854	TRUE	FALSE	0	10255	FALSE	NA	"rs6586028"	4644	"ENCODE cCRE supports regulatory-element context in the LD block, not disease-state cell-type specificity."	80.498872	80.499216	80.499044	FALSE	FALSE	"dELS"	FALSE
"UCSC Genome Browser API encodeCcreCombined hg38"	"https://api.genome.ucsc.edu/getData/track?genome=hg38;track=encodeCcreCombined;chrom=chr10;start=80480000;end=80526000"	"chr10"	80499344	80499667	"EH38E1483325"	"dELS"	"dELS"	"enhD"	"EH38E1483325 distal enhancer-like signature"	239	2.39866	TRUE	FALSE	0	9804	FALSE	NA	"rs1902660"	4260	"ENCODE cCRE supports regulatory-element context in the LD block, not disease-state cell-type specificity."	80.499344	80.499667	80.4995055	FALSE	FALSE	"dELS"	FALSE
"UCSC Genome Browser API encodeCcreCombined hg38"	"https://api.genome.ucsc.edu/getData/track?genome=hg38;track=encodeCcreCombined;chrom=chr10;start=80480000;end=80526000"	"chr10"	80499828	80500156	"EH38E1483326"	"dELS"	"dELS"	"enhD"	"EH38E1483326 distal enhancer-like signature"	345	3.45167	TRUE	FALSE	0	9315	FALSE	NA	"rs1902660"	3771	"ENCODE cCRE supports regulatory-element context in the LD block, not disease-state cell-type specificity."	80.499828	80.500156	80.499992	FALSE	FALSE	"dELS"	FALSE
"UCSC Genome Browser API encodeCcreCombined hg38"	"https://api.genome.ucsc.edu/getData/track?genome=hg38;track=encodeCcreCombined;chrom=chr10;start=80480000;end=80526000"	"chr10"	80500563	80500910	"EH38E1483327"	"dELS,CTCF-bound"	"dELS"	"enhD"	"EH38E1483327 distal enhancer-like signature"	392	3.92924	TRUE	FALSE	0	8561	FALSE	NA	"rs1902660"	3017	"ENCODE cCRE supports regulatory-element context in the LD block, not disease-state cell-type specificity."	80.500563	80.50091	80.5007365	FALSE	FALSE	"dELS"	FALSE
"UCSC Genome Browser API encodeCcreCombined hg38"	"https://api.genome.ucsc.edu/getData/track?genome=hg38;track=encodeCcreCombined;chrom=chr10;start=80480000;end=80526000"	"chr10"	80500926	80501084	"EH38E1483328"	"dELS,CTCF-bound"	"dELS"	"enhD"	"EH38E1483328 distal enhancer-like signature"	291	2.91154	TRUE	FALSE	0	8387	FALSE	NA	"rs1902660"	2843	"ENCODE cCRE supports regulatory-element context in the LD block, not disease-state cell-type specificity."	80.500926	80.501084	80.501005	FALSE	FALSE	"dELS"	FALSE
"UCSC Genome Browser API encodeCcreCombined hg38"	"https://api.genome.ucsc.edu/getData/track?genome=hg38;track=encodeCcreCombined;chrom=chr10;start=80480000;end=80526000"	"chr10"	80501092	80501299	"EH38E1483329"	"dELS"	"dELS"	"enhD"	"EH38E1483329 distal enhancer-like signature"	221	2.21113	TRUE	FALSE	0	8172	FALSE	NA	"rs1902660"	2628	"ENCODE cCRE supports regulatory-element context in the LD block, not disease-state cell-type specificity."	80.501092	80.501299	80.5011955	FALSE	FALSE	"dELS"	FALSE
"UCSC Genome Browser API encodeCcreCombined hg38"	"https://api.genome.ucsc.edu/getData/track?genome=hg38;track=encodeCcreCombined;chrom=chr10;start=80480000;end=80526000"	"chr10"	80501573	80501887	"EH38E1483330"	"dELS"	"dELS"	"enhD"	"EH38E1483330 distal enhancer-like signature"	358	3.5855	TRUE	FALSE	0	7584	FALSE	NA	"rs1902660"	2040	"ENCODE cCRE supports regulatory-element context in the LD block, not disease-state cell-type specificity."	80.501573	80.501887	80.50173	FALSE	FALSE	"dELS"	FALSE
"UCSC Genome Browser API encodeCcreCombined hg38"	"https://api.genome.ucsc.edu/getData/track?genome=hg38;track=encodeCcreCombined;chrom=chr10;start=80480000;end=80526000"	"chr10"	80502048	80502367	"EH38E1483331"	"dELS"	"dELS"	"enhD"	"EH38E1483331 distal enhancer-like signature"	326	3.26116	TRUE	FALSE	0	7104	FALSE	NA	"rs1902660"	1560	"ENCODE cCRE supports regulatory-element context in the LD block, not disease-state cell-type specificity."	80.502048	80.502367	80.5022075	FALSE	FALSE	"dELS"	FALSE
"UCSC Genome Browser API encodeCcreCombined hg38"	"https://api.genome.ucsc.edu/getData/track?genome=hg38;track=encodeCcreCombined;chrom=chr10;start=80480000;end=80526000"	"chr10"	80502720	80502942	"EH38E1483332"	"dELS"	"dELS"	"enhD"	"EH38E1483332 distal enhancer-like signature"	331	3.3155	TRUE	FALSE	0	6529	FALSE	NA	"rs1902660"	985	"ENCODE cCRE supports regulatory-element context in the LD block, not disease-state cell-type specificity."	80.50272	80.502942	80.502831	FALSE	FALSE	"dELS"	FALSE
"UCSC Genome Browser API encodeCcreCombined hg38"	"https://api.genome.ucsc.edu/getData/track?genome=hg38;track=encodeCcreCombined;chrom=chr10;start=80480000;end=80526000"	"chr10"	80503012	80503308	"EH38E1483333"	"dELS"	"dELS"	"enhD"	"EH38E1483333 distal enhancer-like signature"	348	3.48513	TRUE	FALSE	0	6163	FALSE	NA	"rs1902660"	619	"ENCODE cCRE supports regulatory-element context in the LD block, not disease-state cell-type specificity."	80.503012	80.503308	80.50316	FALSE	FALSE	"dELS"	FALSE
"UCSC Genome Browser API encodeCcreCombined hg38"	"https://api.genome.ucsc.edu/getData/track?genome=hg38;track=encodeCcreCombined;chrom=chr10;start=80480000;end=80526000"	"chr10"	80503604	80503943	"EH38E1483334"	"dELS"	"dELS"	"enhD"	"EH38E1483334 distal enhancer-like signature"	275	2.75222	TRUE	FALSE	0	5528	TRUE	"rs1902660"	"rs1902660"	0	"ENCODE cCRE supports regulatory-element context in the LD block, not disease-state cell-type specificity."	80.503604	80.503943	80.5037735	FALSE	TRUE	"dELS"	FALSE
"UCSC Genome Browser API encodeCcreCombined hg38"	"https://api.genome.ucsc.edu/getData/track?genome=hg38;track=encodeCcreCombined;chrom=chr10;start=80480000;end=80526000"	"chr10"	80504088	80504435	"EH38E1483335"	"dELS,CTCF-bound"	"dELS"	"enhD"	"EH38E1483335 distal enhancer-like signature"	464	4.64393	TRUE	FALSE	0	5036	FALSE	NA	"rs1902660"	161	"ENCODE cCRE supports regulatory-element context in the LD block, not disease-state cell-type specificity."	80.504088	80.504435	80.5042615	FALSE	FALSE	"dELS"	FALSE
"UCSC Genome Browser API encodeCcreCombined hg38"	"https://api.genome.ucsc.edu/getData/track?genome=hg38;track=encodeCcreCombined;chrom=chr10;start=80480000;end=80526000"	"chr10"	80504450	80504756	"EH38E1483336"	"dELS,CTCF-bound"	"dELS"	"enhD"	"EH38E1483336 distal enhancer-like signature"	396	3.96192	TRUE	FALSE	0	4715	FALSE	NA	"rs1902660"	523	"ENCODE cCRE supports regulatory-element context in the LD block, not disease-state cell-type specificity."	80.50445	80.504756	80.504603	FALSE	FALSE	"dELS"	FALSE
"UCSC Genome Browser API encodeCcreCombined hg38"	"https://api.genome.ucsc.edu/getData/track?genome=hg38;track=encodeCcreCombined;chrom=chr10;start=80480000;end=80526000"	"chr10"	80504979	80505319	"EH38E1483337"	"dELS,CTCF-bound"	"dELS"	"enhD"	"EH38E1483337 distal enhancer-like signature"	347	3.47314	TRUE	FALSE	0	4152	FALSE	NA	"rs1902660"	1052	"ENCODE cCRE supports regulatory-element context in the LD block, not disease-state cell-type specificity."	80.504979	80.505319	80.505149	FALSE	FALSE	"dELS"	FALSE
"UCSC Genome Browser API encodeCcreCombined hg38"	"https://api.genome.ucsc.edu/getData/track?genome=hg38;track=encodeCcreCombined;chrom=chr10;start=80480000;end=80526000"	"chr10"	80505403	80505574	"EH38E1483338"	"dELS,CTCF-bound"	"dELS"	"enhD"	"EH38E1483338 distal enhancer-like signature"	339	3.39023	TRUE	FALSE	0	3897	FALSE	NA	"rs1902660"	1476	"ENCODE cCRE supports regulatory-element context in the LD block, not disease-state cell-type specificity."	80.505403	80.505574	80.5054885	FALSE	FALSE	"dELS"	FALSE
"UCSC Genome Browser API encodeCcreCombined hg38"	"https://api.genome.ucsc.edu/getData/track?genome=hg38;track=encodeCcreCombined;chrom=chr10;start=80480000;end=80526000"	"chr10"	80505586	80505903	"EH38E1483339"	"dELS,CTCF-bound"	"dELS"	"enhD"	"EH38E1483339 distal enhancer-like signature"	522	5.22859	TRUE	FALSE	0	3568	FALSE	NA	"rs1902660"	1659	"ENCODE cCRE supports regulatory-element context in the LD block, not disease-state cell-type specificity."	80.505586	80.505903	80.5057445	FALSE	FALSE	"dELS"	FALSE
"UCSC Genome Browser API encodeCcreCombined hg38"	"https://api.genome.ucsc.edu/getData/track?genome=hg38;track=encodeCcreCombined;chrom=chr10;start=80480000;end=80526000"	"chr10"	80505956	80506146	"EH38E1483340"	"dELS,CTCF-bound"	"dELS"	"enhD"	"EH38E1483340 distal enhancer-like signature"	324	3.24646	TRUE	FALSE	0	3325	FALSE	NA	"rs1902660"	2029	"ENCODE cCRE supports regulatory-element context in the LD block, not disease-state cell-type specificity."	80.505956	80.506146	80.506051	FALSE	FALSE	"dELS"	FALSE
"UCSC Genome Browser API encodeCcreCombined hg38"	"https://api.genome.ucsc.edu/getData/track?genome=hg38;track=encodeCcreCombined;chrom=chr10;start=80480000;end=80526000"	"chr10"	80506224	80506569	"EH38E1483341"	"dELS,CTCF-bound"	"dELS"	"enhD"	"EH38E1483341 distal enhancer-like signature"	519	5.19026	TRUE	FALSE	0	2902	FALSE	NA	"rs1902660"	2297	"ENCODE cCRE supports regulatory-element context in the LD block, not disease-state cell-type specificity."	80.506224	80.506569	80.5063965	FALSE	FALSE	"dELS"	FALSE
"UCSC Genome Browser API encodeCcreCombined hg38"	"https://api.genome.ucsc.edu/getData/track?genome=hg38;track=encodeCcreCombined;chrom=chr10;start=80480000;end=80526000"	"chr10"	80508585	80508921	"EH38E1483346"	"dELS,CTCF-bound"	"dELS"	"enhD"	"EH38E1483346 distal enhancer-like signature"	351	3.51154	TRUE	FALSE	0	550	FALSE	NA	"rs7080009"	784	"ENCODE cCRE supports regulatory-element context in the LD block, not disease-state cell-type specificity."	80.508585	80.508921	80.508753	FALSE	FALSE	"dELS"	FALSE
"UCSC Genome Browser API encodeCcreCombined hg38"	"https://api.genome.ucsc.edu/getData/track?genome=hg38;track=encodeCcreCombined;chrom=chr10;start=80480000;end=80526000"	"chr10"	80509264	80509579	"EH38E1483347"	"dELS,CTCF-bound"	"dELS"	"enhD"	"EH38E1483347 distal enhancer-like signature"	289	2.8975	TRUE	TRUE	108	0	FALSE	NA	"rs7080009"	126	"ENCODE cCRE supports regulatory-element context in the LD block, not disease-state cell-type specificity."	80.509264	80.509579	80.5094215	TRUE	FALSE	"dELS"	FALSE
"UCSC Genome Browser API encodeCcreCombined hg38"	"https://api.genome.ucsc.edu/getData/track?genome=hg38;track=encodeCcreCombined;chrom=chr10;start=80480000;end=80526000"	"chr10"	80509721	80510053	"EH38E1483348"	"dELS"	"dELS"	"enhD"	"EH38E1483348 distal enhancer-like signature"	497	4.97164	TRUE	TRUE	332	0	TRUE	"rs1870138"	"rs1870138"	0	"ENCODE cCRE supports regulatory-element context in the LD block, not disease-state cell-type specificity."	80.509721	80.510053	80.509887	TRUE	TRUE	"dELS"	TRUE
"UCSC Genome Browser API encodeCcreCombined hg38"	"https://api.genome.ucsc.edu/getData/track?genome=hg38;track=encodeCcreCombined;chrom=chr10;start=80480000;end=80526000"	"chr10"	80511445	80511752	"EH38E1483349"	"dELS,CTCF-bound"	"dELS"	"enhD"	"EH38E1483349 distal enhancer-like signature"	336	3.3608	TRUE	TRUE	307	0	FALSE	NA	"rs1870137"	1353	"ENCODE cCRE supports regulatory-element context in the LD block, not disease-state cell-type specificity."	80.511445	80.511752	80.5115985	TRUE	FALSE	"dELS"	FALSE
"UCSC Genome Browser API encodeCcreCombined hg38"	"https://api.genome.ucsc.edu/getData/track?genome=hg38;track=encodeCcreCombined;chrom=chr10;start=80480000;end=80526000"	"chr10"	80513212	80513482	"EH38E1483351"	"dELS"	"dELS"	"enhD"	"EH38E1483351 distal enhancer-like signature"	180	1.80441	TRUE	FALSE	0	1068	FALSE	NA	"rs1870137"	3120	"ENCODE cCRE supports regulatory-element context in the LD block, not disease-state cell-type specificity."	80.513212	80.513482	80.513347	FALSE	FALSE	"dELS"	FALSE
"UCSC Genome Browser API encodeCcreCombined hg38"	"https://api.genome.ucsc.edu/getData/track?genome=hg38;track=encodeCcreCombined;chrom=chr10;start=80480000;end=80526000"	"chr10"	80517492	80517717	"EH38E1483352"	"dELS,CTCF-bound"	"dELS"	"enhD"	"EH38E1483352 distal enhancer-like signature"	282	2.82847	TRUE	FALSE	0	5348	FALSE	NA	"rs7096909"	7039	"ENCODE cCRE supports regulatory-element context in the LD block, not disease-state cell-type specificity."	80.517492	80.517717	80.5176045	FALSE	FALSE	"dELS"	FALSE
"UCSC Genome Browser API encodeCcreCombined hg38"	"https://api.genome.ucsc.edu/getData/track?genome=hg38;track=encodeCcreCombined;chrom=chr10;start=80480000;end=80526000"	"chr10"	80519082	80519420	"EH38E1483355"	"dELS,CTCF-bound"	"dELS"	"enhD"	"EH38E1483355 distal enhancer-like signature"	324	3.24012	TRUE	FALSE	0	6938	FALSE	NA	"rs7096909"	5336	"ENCODE cCRE supports regulatory-element context in the LD block, not disease-state cell-type specificity."	80.519082	80.51942	80.519251	FALSE	FALSE	"dELS"	FALSE
"UCSC Genome Browser API encodeCcreCombined hg38"	"https://api.genome.ucsc.edu/getData/track?genome=hg38;track=encodeCcreCombined;chrom=chr10;start=80480000;end=80526000"	"chr10"	80520827	80521120	"EH38E1483357"	"dELS"	"dELS"	"enhD"	"EH38E1483357 distal enhancer-like signature"	317	3.17127	TRUE	FALSE	0	8683	FALSE	NA	"rs7096909"	3636	"ENCODE cCRE supports regulatory-element context in the LD block, not disease-state cell-type specificity."	80.520827	80.52112	80.5209735	FALSE	FALSE	"dELS"	FALSE
"UCSC Genome Browser API encodeCcreCombined hg38"	"https://api.genome.ucsc.edu/getData/track?genome=hg38;track=encodeCcreCombined;chrom=chr10;start=80480000;end=80526000"	"chr10"	80523778	80524088	"EH38E1483359"	"dELS"	"dELS"	"enhD"	"EH38E1483359 distal enhancer-like signature"	305	3.05583	TRUE	FALSE	0	11634	FALSE	NA	"rs7096909"	668	"ENCODE cCRE supports regulatory-element context in the LD block, not disease-state cell-type specificity."	80.523778	80.524088	80.523933	FALSE	FALSE	"dELS"	FALSE
