lipid	n_pcs	cumulative_ld_variance	lipid_total_estimate	lipid_total_p	lipid_instrument_F	lipid_to_splice_estimate	lipid_to_splice_se	lipid_to_splice_p	first_step_instrument_F	splice_direct_estimate	splice_direct_p	lipid_direct_estimate	lipid_direct_p	splice_conditional_F	lipid_conditional_F	attenuation_fraction	indirect_estimate	indirect_se	indirect_p	posterior_probability_indirect_positive	all_strength_F_ge_10	confirmatory_mediation	status	minimum_conditional_F
"TC"	3	0.131326952677397	7.13724516262222	4.64738259787631e-05	10.7763439814553	93.2032125110736	51.2650558635465	0.0690541726615781	11.4650624091582	0.0544047216964117	0.000807113722428456	2.19013395306199	0.110390670263489	12.7211121516441	10.4555416337316	0.693140153776456	5.07069483787647	3.17324734124054	0.110053807131426	0.96509722409317	TRUE	FALSE	"completed"	10.4555416337316
"TC"	5	0.179948537108722	1.38558871259505	0.701017849634622	9.17953116363252	37.3250229931757	40.8976271957713	0.361429175874107	8.94091864071531	0.0538221734295142	0.000156122611659027	2.08266972822099	0.112025832674745	7.95530866771137	6.07825209989551	-0.503093745849284	2.00891386079931	2.2644112840308	0.3749883080947	0.81923556439055	FALSE	FALSE	"completed"	6.07825209989551
"TC"	6	0.201125625956122	3.36025178890234	0.0770792934450895	11.2537611282507	39.2131034041835	21.9347989695151	0.073822484183451	11.6765178410392	0.058085014811862	0.00943936134084503	0.852273330893761	0.579081148465343	7.23525334078091	5.63574131751814	0.746366229546101	2.27769369205108	1.5470168925003	0.140936267940436	0.958717495789495	FALSE	FALSE	"completed"	5.63574131751814
"TC"	7	0.220799519095938	3.15990534028752	0.0473597019393766	11.2739642628775	34.9457844170779	19.7458227818239	0.0767636097171409	10.8527382827258	0.0602812814846671	0.00138449698376056	0.99437467910029	0.457721372682958	6.2746552532061	4.93476024192455	0.685315042060781	2.10657666714837	1.36042911430071	0.121510417734222	0.960979086142607	FALSE	FALSE	"completed"	4.93476024192455
"TC"	8	0.239723502015756	3.21380997045043	0.0288151226452339	9.89674561404244	37.4336830414955	23.6418064506959	0.113337580914067	9.79721874214933	0.0550932104554982	0.0146210059293719	1.73851027900174	0.238051780421921	5.41633004983787	4.27268090062728	0.459050069858958	2.06234177792953	1.55240432515431	0.184018803775786	0.936849261299563	FALSE	FALSE	"completed"	4.27268090062728
"TC"	9	0.258235329852746	3.45742506425452	0.0361991969640946	8.83066217179583	39.3344664409422	24.8027290077509	0.112763656029796	8.78282159879355	0.0482875820294096	0.037924495475976	2.12021962310789	0.158182572464613	4.70271871864027	3.72675380480949	0.386763390759116	1.89936627485006	1.50722817508505	0.207607433513411	0.926794176628593	FALSE	FALSE	"completed"	3.72675380480949
"TC"	10	0.274938506423136	3.1069424429225	0.0487715959728466	8.67179045681945	35.442479588678	19.9200437592675	0.0752009090232165	8.12672909877665	0.0554369987891427	0.00616642677374406	1.86847076835119	0.174194392406578	4.82824745741547	3.73392850386074	0.398614295991387	1.96482469804176	1.31687641601476	0.135690170311816	0.959548192550925	FALSE	FALSE	"completed"	3.73392850386074
"TC"	11	0.290481815047783	2.95870284211338	0.0391977576023111	8.25686168579657	41.770193210618	22.5287893372184	0.0637276172987464	7.85813748678912	0.0530817491672562	0.00316646300146998	1.84582801874826	0.146579021791979	4.37322978884165	3.37887755027652	0.376136057844255	2.21723491867385	1.4122991922805	0.116427435610697	0.966653855421066	FALSE	FALSE	"completed"	3.37887755027652
"TC"	12	0.305135698924048	3.00970960337898	0.0301946354374012	7.57904762923664	36.5895664655297	20.4005649194074	0.0728839798296576	7.61614648187058	0.0559698329288859	0.000413070469603248	2.06843288130514	0.0493575525184702	4.95162254437603	3.85149001555999	0.312746691912427	2.04791192201606	1.28062861759469	0.109788201960461	0.963366527960257	FALSE	FALSE	"completed"	3.85149001555999
"TC"	13	0.319581706658549	3.08641500774359	0.0293903316727015	6.99995580148974	-10.1919597767193	16.5209413378362	0.537293058183992	7.10842655001831	0.0535632884831119	0.000351221810823339	2.0252875834575	0.0399720216768963	5.38905560635983	4.16214668009181	0.343805814067062	-0.545914881728689	0.898000143008206	0.543238588048199	0.268727785476989	FALSE	FALSE	"completed"	4.16214668009181
"TC"	14	0.332687946843977	3.24300323959326	0.0102793156617628	6.79587090789792	-10.5946287800943	15.6350309547503	0.498011886887453	6.61473224433103	0.0491777646510361	0.000102166992332871	2.12830083873091	0.0195362907865331	7.15856087322792	4.76898169603729	0.34372534299477	-0.521020160712572	0.780501739928718	0.504423972088883	0.249031586751578	FALSE	FALSE	"completed"	4.76898169603729
"TC"	15	0.345344527261232	3.34978563615791	0.00836129505829194	6.34803980797801	49.2244110706786	19.5059541147669	0.0116173818075327	6.43671395461855	0.043416630334491	0.00028030321133678	1.78479187186792	0.0488224462629652	6.85095100907762	4.6440420648174	0.467192212957539	2.13715805888868	1.03116008159723	0.0382117184353765	0.994052785685279	FALSE	FALSE	"completed"	4.6440420648174
"TC"	20	0.40527701182958	2.55662905608795	0.0158074364310911	5.16634658931838	44.032592583912	15.6317875711873	0.00484953174249404	5.11636331203479	0.0354205151223466	0.0032096419163678	1.81755382173961	0.0603305046207994	6.16075567831704	3.70920973335947	0.28908191925161	1.55965711149458	0.765947168772724	0.041725626124179	0.995978195800747	FALSE	FALSE	"completed"	3.70920973335947
"TC"	25	0.458292210735739	2.69781958181363	0.00842313852549192	4.20289155118288	48.6265236124819	15.3920551594022	0.00158204894989436	4.34200494711174	0.0288400218377561	0.0111220713269744	2.04141347766298	0.0288949539337713	5.7642962290219	3.17017537935961	0.24330985977549	1.40239000287814	0.708640261357326	0.0478174480169828	0.993656737692197	FALSE	FALSE	"completed"	3.17017537935961
"TC"	30	0.503259228737905	2.28949583871454	0.00780813529622043	4.04696716364734	-1.32213794611458	8.08100036378514	0.87003763838423	4.18331664391757	0.0338434696172847	0.000587168235321333	1.7043927583972	0.0392328649924234	5.28897553494944	2.87478233670085	0.255559791995887	-0.044745735409188	0.273798695908108	0.870183292593037	0.435056974077379	FALSE	FALSE	"completed"	2.87478233670085
"LDL"	3	0.131326952677397	7.68241271995167	2.44726971734381e-05	9.3513412474894	91.9754418023268	61.0080143853328	0.131657943077652	9.94893319330843	0.0544452233717565	0.000923075837856521	2.48143835001264	0.113482827672986	11.4453829328029	8.59667652210184	0.676997521420816	5.00762347364367	3.64933896377435	0.170001138734651	0.933770255675304	FALSE	FALSE	"completed"	8.59667652210184
"LDL"	5	0.179948537108722	2.10815774513964	0.558006959438205	7.68895200830272	99.9999975349449	18.7698074640538	9.94614789391106e-08	8.02730500842465	0.051934590539208	0.000493442349660158	2.39390555453923	0.107778167085731	6.34393797037178	4.6709399253512	-0.135543846307699	5.19345892589917	1.78099266685863	0.00354496709992435	0.99975322911897	FALSE	FALSE	"completed"	4.6709399253512
"LDL"	6	0.201125625956122	2.24957417141165	0.352599726072947	7.92927174431553	-21.2272800347905	20.4707781556635	0.299756732343218	6.74357925302064	0.0587360761136023	0.0164695723428857	0.744748592641043	0.670496366130132	5.99128954065647	4.42445272946686	0.668937969636404	-1.24680713580821	1.30994593428365	0.341198191438213	0.155644719748755	FALSE	FALSE	"completed"	4.42445272946686
"LDL"	7	0.220799519095938	4.27288723467351	0.0461238307445188	7.49002200887219	-22.1720118109818	21.1408596967894	0.294281540710784	6.06679880987524	0.0607703326683412	0.00277072804652059	0.940033907938964	0.530585198170473	5.34268675787194	3.98241594610123	0.780000300426652	-1.34740053367976	1.36137355916937	0.322303133508004	0.148118447319442	FALSE	FALSE	"completed"	3.98241594610123
"LDL"	8	0.239723502015756	3.84466423339785	0.0620826876848739	7.34612527909071	-13.4934182890085	16.3795563204093	0.410055296538232	7.57437893048461	0.050544008613645	0.0350141766927045	1.84134610578869	0.250295684646297	4.67965791558994	3.5113806281916	0.521064521111291	-0.682011450227162	0.888850241916758	0.442905402348007	0.215355862312084	FALSE	FALSE	"completed"	3.5113806281916
"LDL"	9	0.258235329852746	4.11575104505766	0.020930274692572	6.80972485509331	-13.3943730503481	15.9081873493186	0.399799237617037	6.75911708897746	0.0447208387079461	0.0663354138546208	2.30556891957033	0.154912203405488	4.06832185964249	3.06237849390328	0.439818177938888	-0.599007596778677	0.782659032277123	0.44406353336685	0.219806901792785	FALSE	FALSE	"completed"	3.06237849390328
"LDL"	10	0.274938506423136	3.32450232052167	0.0253532857643208	7.3440508162578	-13.0001325766505	12.4197907312059	0.29522542242644	6.98949216368783	0.0494789434863375	0.0210527933745844	2.10346188679639	0.162734798519581	4.03168409525116	2.93350836467801	0.367285180157035	-0.643232825074984	0.674810698309895	0.340486293577047	0.155031447991878	FALSE	FALSE	"completed"	2.93350836467801
"LDL"	11	0.290481815047783	3.19339793901316	0.0182373566392781	7.23019629371578	-12.490992295947	11.4319822636796	0.274553768128509	7.44670580212665	0.0503144215081375	0.00838001761675003	2.08638741524725	0.135245982191959	3.64093098351149	2.67946748931232	0.346655989922761	-0.628477051433176	0.622636704842042	0.312792415398208	0.140316510165798	FALSE	FALSE	"completed"	2.67946748931232
"LDL"	12	0.305135698924048	3.19887762685413	0.0107102740012471	7.07725380323746	-11.9454207352996	10.8775136772991	0.272127793492058	6.8805151541528	0.0561619793967303	0.000367037350971239	1.95359379292829	0.0652702969940889	4.74037023566677	3.53205883030379	0.389287737508884	-0.670878473221174	0.639265990529798	0.293970495208273	0.13619747488929	FALSE	FALSE	"completed"	3.53205883030379
"LDL"	13	0.319581706658549	3.73137263609944	0.00427235151689956	6.56894868360811	-11.5803247944301	10.4630630464491	0.268388401113762	6.57853329173832	0.0586503461082562	0.000117596591292791	1.85012775537309	0.0768351784909531	4.3860290213765	3.29644711229089	0.504169661996795	-0.679190057239345	0.638502486111546	0.287454005290149	0.134237218071971	FALSE	FALSE	"completed"	3.29644711229089
"LDL"	14	0.332687946843977	3.70161542861204	0.00435560785825326	6.10384067334461	-10.2029676283908	10.6806599132821	0.339438635760636	6.26193423849613	0.0454726445232267	0.000546321226172381	1.98977669458986	0.0351438966469484	6.44551138521919	4.01327795724212	0.462457207410131	-0.463955920047804	0.503880114656308	0.357172358456485	0.169899757227555	FALSE	FALSE	"completed"	4.01327795724212
"LDL"	15	0.345344527261232	3.7213042329101	0.00293422088305336	5.69812519884579	-9.60022017240255	10.3989505673948	0.355907547954252	5.86128200252777	0.0424915471452437	0.000955354291388605	1.57053514798533	0.104139290139112	6.42203774076309	3.81834319676128	0.577961099203879	-0.407928208060363	0.458798905985654	0.373937508177086	0.178261442221182	FALSE	FALSE	"completed"	3.81834319676128
"LDL"	20	0.40527701182958	3.62730403434625	0.00168080969361471	4.41652051056609	48.7840916392657	16.5702587554731	0.0032392104443491	4.6570298921363	0.0325571681330697	0.0103508802053239	1.81236102774731	0.0711847947663091	5.40976986322711	2.98635483501239	0.500355908799922	1.58827187371866	0.821458535773109	0.053177360619964	0.993221719014798	FALSE	FALSE	"completed"	2.98635483501239
"LDL"	25	0.458292210735739	3.25204752930464	0.000693537193612864	3.99229297159125	43.441304058169	14.6868192192434	0.00309799961368357	4.03601868167921	0.024680498051627	0.035102809149588	2.39302181029116	0.0121106194577053	5.28730481216065	2.59875794719999	0.264149189479145	1.07215302016778	0.624723683743274	0.0861247889071041	0.980953969862957	FALSE	FALSE	"completed"	2.59875794719999
"LDL"	30	0.503259228737905	2.98334945605945	0.000336770216882155	3.67744201947988	34.9139850596368	11.8045310644694	0.00309967157706856	3.70138500506895	0.0323296172036533	0.00156165745939902	1.71637726163801	0.0401696384011477	5.24164028378605	2.52179154297776	0.42468112203487	1.12875577203213	0.522492871291261	0.0307473176027923	0.997671755794386	FALSE	FALSE	"completed"	2.52179154297776
"nonHDL"	3	0.131326952677397	6.86337249162257	0.0173529842260977	9.68179691382299	89.5159328718122	67.1537277360708	0.182531736365044	9.95026282158028	0.0573311315813779	0.000252000652183036	1.96152015814998	0.130452286923204	13.579433399587	9.64500981321344	0.714204618714166	5.13204972610365	4.09736776837424	0.210379143367554	0.908631130549691	FALSE	FALSE	"completed"	9.64500981321344
"nonHDL"	4	0.155808473947808	6.64490877693157	0.00793933433049691	7.49974491187261	37.7156276072747	50.8178014854593	0.457982198142024	9.8142225637045	0.0552673822880327	0.000211377459610012	1.69060270098811	0.157838288762974	9.19986943615535	6.83012343186406	0.745579246045153	2.08444400920433	2.86436156951418	0.466786969703446	0.770951615755978	FALSE	FALSE	"completed"	6.83012343186406
"nonHDL"	5	0.179948537108722	0.7908936392692	0.798790381403211	8.60588159063873	36.8531289247938	42.9262661458483	0.39060447984277	7.88375454165622	0.0557275382433037	9.89339726218485e-05	1.61497287306119	0.170814419618712	7.41673500285223	5.36980471928237	-1.04195961741891	2.05373415154185	2.44964867515656	0.401817846604682	0.804667615118761	FALSE	FALSE	"completed"	5.36980471928237
"nonHDL"	6	0.201125625956122	1.69931325551088	0.514673427959513	7.45041271355032	15.2949325449156	40.6370437335912	0.706635107076627	7.23112984770508	0.0592495757512274	0.0128617996372673	0.607888220333831	0.67157007630463	6.50912455573787	4.76375878698967	0.642274184372748	0.906218264429892	2.43513148150116	0.709786037062389	0.644795846224992	FALSE	FALSE	"completed"	4.76375878698967
"nonHDL"	7	0.220799519095938	3.27889100019273	0.109749399374789	6.95292787005254	9.47176462564169	23.6140730252444	0.68834151455802	6.26745222537717	0.0613519281903337	0.00190745682061661	0.775211257533884	0.532219547199435	5.72534797700835	4.23322122760314	0.763575166881633	0.581111023148112	1.46081281353062	0.69077777576389	0.65553200516911	FALSE	FALSE	"completed"	4.23322122760314
"nonHDL"	8	0.239723502015756	3.02808192477321	0.14181789869712	6.25217477382253	2.66225655080342	13.3875256223038	0.842371488288435	7.01731646995012	0.0514724017462289	0.0299237256516377	1.51386230347956	0.25680821347314	5.0189491571951	3.73975240769721	0.500059000684751	0.137032738734483	0.691972638994065	0.843020012315198	0.576455839686116	FALSE	FALSE	"completed"	3.73975240769721
"nonHDL"	9	0.258235329852746	2.4779262147084	0.141865897534465	6.43463188505246	4.301214209176	14.6511053032764	0.769081848482813	6.28093284274188	0.0458655204766864	0.0594794752559408	1.88256864435197	0.166238537280549	4.35443120534343	3.26105888311439	0.240264446464353	0.197277428385577	0.680084652078051	0.771756754218569	0.608591630518937	FALSE	FALSE	"completed"	3.26105888311439
"nonHDL"	10	0.274938506423136	2.49547826818925	0.104881548957621	6.20886950811127	-9.10322599866101	10.1045532164118	0.367639701712082	6.10620080035595	0.054024770396955	0.00842457306939333	1.4803296137203	0.215498269848124	4.81875352529611	3.44519409839647	0.406795229359201	-0.491799694449252	0.576930798164902	0.393969153122573	0.186483533625596	FALSE	FALSE	"completed"	3.44519409839647
"nonHDL"	11	0.290481815047783	2.79252185643481	0.0548310161945888	6.08151203639079	-11.7087662037843	10.0824082429421	0.245517278078563	5.87897705888086	0.0579537029352239	0.00170850331364586	1.42069137306801	0.195798047818588	4.37611477616698	3.21194806908071	0.49125147586784	-0.678566358312103	0.623073225283714	0.276125848342043	0.123403157154527	FALSE	FALSE	"completed"	3.21194806908071
"nonHDL"	12	0.305135698924048	2.21561100755506	0.109301732471278	6.09257932628936	-11.3120111867732	9.30655014891411	0.224179565786045	5.43154374540624	0.0599887392538508	7.54065754040923e-05	1.39616076515174	0.0747856101899154	5.79927227559507	4.57094237589453	0.369852938809683	-0.678593289519979	0.584013849929854	0.245256890728762	0.112119033874059	FALSE	FALSE	"completed"	4.57094237589453
"nonHDL"	13	0.319581706658549	1.71974747558989	0.167074531783156	6.42834844048958	-13.9204234230412	17.3876052416341	0.423366359275906	6.66656541284042	0.0616812300170805	3.27573704552947e-05	1.30148204773763	0.0931045603391466	5.40110278559389	4.30262265392173	0.243213282059794	-0.858628839091758	1.09223137088198	0.431795089211577	0.211692624138846	FALSE	FALSE	"completed"	4.30262265392173
"nonHDL"	14	0.332687946843977	2.25092428571641	0.0461474767781392	6.44543938964954	-15.6927379660338	15.7577889424954	0.319312428504454	6.21319412732862	0.0473886142124552	0.000398443450999665	1.4021953354415	0.0527774046386584	7.25076264320067	4.93633145705439	0.377057973766886	-0.743657105409523	0.775708116680542	0.337719166091131	0.159791822004747	FALSE	FALSE	"completed"	4.93633145705439
"nonHDL"	15	0.345344527261232	2.35690815220649	0.0151535011448619	6.56755207180905	-13.5608193855168	12.7778522450993	0.288564792811124	5.95851712100601	0.0443341732646743	0.000874491677845778	0.985856084517359	0.190145073440076	7.21198868883784	4.64371524968848	0.581716375500496	-0.601207716248456	0.594601264550928	0.31196343729347	0.144593468489569	FALSE	FALSE	"completed"	4.64371524968848
"nonHDL"	20	0.40527701182958	2.28961259698221	0.0098913428284852	5.28414295007848	29.9348962342866	13.9362752266932	0.0317150263773606	5.02770929164325	0.0332650384003422	0.00779337958690988	1.40585001976565	0.0663293387744001	6.3432051061387	3.64814248123392	0.385987820988315	0.995785472743801	0.595788845634249	0.0946479982270081	0.980369380637449	FALSE	FALSE	"completed"	3.64814248123392
"nonHDL"	25	0.458292210735739	1.88295875792755	0.0161770303446793	4.76357247096042	25.2799628147087	9.93531888996971	0.0109448697388665	4.85466734281873	0.0257742059858829	0.0274914912100944	1.75219967091457	0.0189002820957633	5.91784189551378	3.06118055099389	0.069443415296521	0.651570968901764	0.391069151185476	0.095688072315785	0.98093226492063	FALSE	FALSE	"completed"	3.06118055099389
"nonHDL"	30	0.503259228737905	1.62750985883268	0.0174877363748407	4.36714021687831	21.952124723669	8.75127650253527	0.0121262709581472	4.20483949848408	0.0331449285859509	0.00108382260670368	1.31518973427877	0.0473824047877435	5.92287509138707	2.92351890902235	0.191900603771406	0.727601606275896	0.365665479370065	0.0466128402208599	0.993401524580874	FALSE	FALSE	"completed"	2.92351890902235
