SNP	BP	layer	outcome	beta	se	p_value	f_statistic	sqtl_effect_allele	sqtl_other_allele	z_value	bp_source_build	orientation	risk_aligned_beta	risk_aligned_z	display_layer
"rs10749569"	82129892	"Exact exon5-6 sQTL"	"Exposure"	0.728937	0.115298	2.57849e-10	39.9702111291929	"A"	"G"	6.32219986469843	"GRCh37"	1	0.728937	6.32219986469843	"Exact sQTL"
"rs10749569"	82129892	"AD"	"AD"	0.0457	0.0086	1.215e-07	39.9702111291929	"A"	"G"	5.31395348837209	"GRCh37"	1	0.0457	5.31395348837209	"AD"
"rs10749569"	82129892	"TC"	"TC"	0.00486522	0.00143354	0.000689	39.9702111291929	"A"	"G"	3.39385018904251	"GRCh37"	1	0.00486522	3.39385018904251	"TC"
"rs10749569"	82129892	"LDL"	"LDL"	0.00398814	0.00148569	0.00727	39.9702111291929	"A"	"G"	2.68436887910668	"GRCh37"	1	0.00398814	2.68436887910668	"LDL-C"
"rs10749569"	82129892	"nonHDL"	"nonHDL"	0.00379749	0.00175756	0.0307	39.9702111291929	"A"	"G"	2.16066023350554	"GRCh37"	1	0.00379749	2.16066023350554	"non-HDL-C"
"rs10749608"	82243986	"Exact exon5-6 sQTL"	"Exposure"	1.08163	0.189767	1.19972e-08	32.4874829620081	"G"	"A"	5.69977920291726	"GRCh37"	1	1.08163	5.69977920291726	"Exact sQTL"
"rs10749608"	82243986	"AD"	"AD"	0.0689	0.0143	1.353e-06	32.4874829620081	"G"	"A"	4.81818181818182	"GRCh37"	1	0.0689	4.81818181818182	"AD"
"rs10749608"	82243986	"TC"	"TC"	0.0119597	0.00231172	2.3e-07	32.4874829620081	"G"	"A"	5.17350717214888	"GRCh37"	1	0.0119597	5.17350717214888	"TC"
"rs10749608"	82243986	"LDL"	"LDL"	0.0117345	0.00239721	9.83e-07	32.4874829620081	"G"	"A"	4.89506551365963	"GRCh37"	1	0.0117345	4.89506551365963	"LDL-C"
"rs10749608"	82243986	"nonHDL"	"nonHDL"	0.0131971	0.00280646	2.57e-06	32.4874829620081	"G"	"A"	4.70240088937665	"GRCh37"	1	0.0131971	4.70240088937665	"non-HDL-C"
"rs7084416"	82304297	"Exact exon5-6 sQTL"	"Exposure"	-0.982153	0.14397	8.98283e-12	46.5387040860084	"A"	"G"	-6.82192817948184	"GRCh37"	-1	0.982153	6.82192817948184	"Exact sQTL"
"rs7084416"	82304297	"AD"	"AD"	-0.0599	0.0114	1.394e-07	46.5387040860084	"A"	"G"	-5.25438596491228	"GRCh37"	-1	0.0599	5.25438596491228	"AD"
"rs7084416"	82304297	"TC"	"TC"	-0.00831694	0.00187691	9.37e-06	46.5387040860084	"A"	"G"	-4.43118743040423	"GRCh37"	-1	0.00831694	4.43118743040423	"TC"
"rs7084416"	82304297	"LDL"	"LDL"	-0.00821922	0.00194797	2.45e-05	46.5387040860084	"A"	"G"	-4.2193770951298	"GRCh37"	-1	0.00821922	4.2193770951298	"LDL-C"
"rs7084416"	82304297	"nonHDL"	"nonHDL"	-0.00984298	0.00227621	1.53e-05	46.5387040860084	"A"	"G"	-4.32428466617755	"GRCh37"	-1	0.00984298	4.32428466617755	"non-HDL-C"
"rs7097656"	82250831	"Exact exon5-6 sQTL"	"Exposure"	1.19383	0.126543	3.93956e-21	89.0038358107218	"C"	"T"	9.43418442742783	"GRCh37"	1	1.19383	9.43418442742783	"Exact sQTL"
"rs7097656"	82250831	"AD"	"AD"	0.078	0.0102	2.183e-14	89.0038358107218	"C"	"T"	7.64705882352941	"GRCh37"	1	0.078	7.64705882352941	"AD"
"rs7097656"	82250831	"TC"	"TC"	0.0106829	0.00166057	1.25e-10	89.0038358107218	"C"	"T"	6.43327291231324	"GRCh37"	1	0.0106829	6.43327291231324	"TC"
"rs7097656"	82250831	"LDL"	"LDL"	0.0103337	0.00172081	1.91e-09	89.0038358107218	"C"	"T"	6.00513711566065	"GRCh37"	1	0.0103337	6.00513711566065	"LDL-C"
"rs7097656"	82250831	"nonHDL"	"nonHDL"	0.0119514	0.00202993	3.92e-09	89.0038358107218	"C"	"T"	5.88759218298168	"GRCh37"	1	0.0119514	5.88759218298168	"non-HDL-C"
"rs7098414"	82214586	"Exact exon5-6 sQTL"	"Exposure"	0.823247	0.120089	7.11575e-12	46.9952383658488	"C"	"A"	6.85530731374231	"GRCh37"	1	0.823247	6.85530731374231	"Exact sQTL"
"rs7098414"	82214586	"AD"	"AD"	0.0563	0.0093	1.347e-09	46.9952383658488	"C"	"A"	6.05376344086022	"GRCh37"	1	0.0563	6.05376344086022	"AD"
"rs7098414"	82214586	"TC"	"TC"	0.00566074	0.00152387	0.000203	46.9952383658488	"C"	"A"	3.71471319731998	"GRCh37"	1	0.00566074	3.71471319731998	"TC"
"rs7098414"	82214586	"LDL"	"LDL"	0.00577996	0.0015827	0.00026	46.9952383658488	"C"	"A"	3.65196183736653	"GRCh37"	1	0.00577996	3.65196183736653	"LDL-C"
"rs7098414"	82214586	"nonHDL"	"nonHDL"	0.0052461	0.00185444	0.00467	46.9952383658488	"C"	"A"	2.82894027307435	"GRCh37"	1	0.0052461	2.82894027307435	"non-HDL-C"
