residue	region	sse_psea	pLDDT	splice_context
114	"EC2_ADAM10_interaction_region"	"alpha_helix"	93.5	NA
115	"EC2_ADAM10_interaction_region"	"coil"	93.19	NA
116	"EC2_ADAM10_interaction_region"	"alpha_helix"	89.06	NA
117	"EC2_ADAM10_interaction_region"	"alpha_helix"	92.06	NA
118	"EC2_ADAM10_interaction_region"	"alpha_helix"	90.88	NA
119	"EC2_ADAM10_interaction_region"	"alpha_helix"	88.5	NA
120	"EC2_ADAM10_interaction_region"	"alpha_helix"	91.44	NA
121	"EC2_ADAM10_interaction_region"	"alpha_helix"	92.06	NA
122	"EC2_ADAM10_interaction_region"	"alpha_helix"	89.38	NA
123	"EC2_ADAM10_interaction_region"	"alpha_helix"	89.12	NA
124	"EC2_ADAM10_interaction_region"	"alpha_helix"	91.62	NA
125	"EC2_ADAM10_interaction_region"	"alpha_helix"	89.69	NA
126	"EC2_ADAM10_interaction_region"	"alpha_helix"	87.25	NA
127	"EC2_ADAM10_interaction_region"	"alpha_helix"	89.81	NA
128	"EC2_ADAM10_interaction_region"	"alpha_helix"	89.31	NA
129	"EC2_ADAM10_interaction_region"	"alpha_helix"	85.75	NA
130	"EC2_ADAM10_interaction_region"	"alpha_helix"	86.56	NA
131	"EC2_ADAM10_interaction_region"	"alpha_helix"	90.75	NA
132	"EC2_ADAM10_interaction_region"	"alpha_helix"	89.5	NA
133	"EC2_ADAM10_interaction_region"	"alpha_helix"	85	NA
134	"EC2_ADAM10_interaction_region"	"coil"	88.06	NA
135	"EC2_ADAM10_interaction_region"	"coil"	88.19	NA
136	"EC2_ADAM10_interaction_region"	"coil"	84.12	NA
137	"EC2_ADAM10_interaction_region"	"coil"	80.44	NA
138	"EC2_ADAM10_interaction_region"	"alpha_helix"	83.94	NA
139	"EC2_ADAM10_interaction_region"	"alpha_helix"	84	NA
140	"EC2_ADAM10_interaction_region"	"alpha_helix"	84.81	NA
141	"EC2_ADAM10_interaction_region"	"alpha_helix"	89.44	NA
142	"EC2_ADAM10_interaction_region"	"alpha_helix"	89.12	NA
143	"EC2_ADAM10_interaction_region"	"alpha_helix"	89.56	NA
144	"EC2_ADAM10_interaction_region"	"alpha_helix"	91.44	NA
145	"EC2_ADAM10_interaction_region"	"alpha_helix"	93.88	NA
146	"EC2_ADAM10_interaction_region"	"alpha_helix"	92.94	NA
147	"EC2_ADAM10_interaction_region"	"alpha_helix"	93	NA
148	"EC2_ADAM10_interaction_region"	"alpha_helix"	95.88	NA
149	"EC2_ADAM10_interaction_region"	"alpha_helix"	94.25	NA
150	"EC2_ADAM10_interaction_region"	"alpha_helix"	93.19	"exon5_6_boundary"
151	"EC2_ADAM10_interaction_region"	"alpha_helix"	93.38	"exon5_6_boundary"
152	"EC2_ADAM10_interaction_region"	"coil"	95.06	NA
153	"EC2_ADAM10_interaction_region"	"coil"	96.56	NA
154	"EC2_ADAM10_interaction_region"	"coil"	96.62	NA
155	"EC2_ADAM10_interaction_region"	"coil"	95.5	NA
156	"EC2_ADAM10_interaction_region"	"coil"	94.88	NA
157	"EC2_ADAM10_interaction_region"	"coil"	95.69	NA
158	"EC2_ADAM10_interaction_region"	"coil"	95.62	NA
159	"EC2_ADAM10_interaction_region"	"coil"	96.12	NA
160	"EC2_ADAM10_interaction_region"	"coil"	95.06	NA
161	"EC2_ADAM10_interaction_region"	"coil"	95.44	NA
162	"EC2_ADAM10_interaction_region"	"coil"	95.12	NA
163	"EC2_ADAM10_interaction_region"	"coil"	94.06	NA
164	"EC2_ADAM10_interaction_region"	"coil"	92.62	NA
165	"EC2_ADAM10_interaction_region"	"coil"	92.38	NA
166	"EC2_ADAM10_interaction_region"	"coil"	91.06	NA
167	"EC2_ADAM10_interaction_region"	"coil"	91.69	NA
168	"EC2_ADAM10_interaction_region"	"coil"	94.31	NA
169	"EC2_ADAM10_interaction_region"	"coil"	93.38	NA
170	"EC2_ADAM10_interaction_region"	"coil"	90.69	NA
171	"EC2_ADAM10_interaction_region"	"coil"	87.31	NA
172	"EC2_ADAM10_interaction_region"	"coil"	70.19	NA
173	"EC2_ADAM10_interaction_region"	"coil"	69.94	NA
174	"EC2_ADAM10_interaction_region"	"coil"	68.19	NA
175	"EC2_ADAM10_interaction_region"	"coil"	79.81	NA
176	"EC2_ADAM10_interaction_region"	"coil"	87.81	NA
177	"EC2_ADAM10_interaction_region"	"coil"	89.75	NA
178	"EC2_ADAM10_interaction_region"	"coil"	91.25	NA
179	"EC2_ADAM10_interaction_region"	"coil"	92.31	NA
180	"EC2_ADAM10_interaction_region"	"coil"	93.62	NA
181	"EC2_ADAM10_interaction_region"	"coil"	94.62	NA
182	"EC2_ADAM10_interaction_region"	"coil"	96	NA
183	"EC2_ADAM10_interaction_region"	"coil"	95.62	NA
184	"EC2_ADAM10_interaction_region"	"coil"	94.19	NA
185	"EC2_ADAM10_interaction_region"	"coil"	94.94	NA
186	"EC2_ADAM10_interaction_region"	"coil"	96.19	NA
187	"EC2_ADAM10_interaction_region"	"coil"	94.69	NA
188	"EC2_ADAM10_interaction_region"	"coil"	92	NA
189	"EC2_ADAM10_interaction_region"	"coil"	87.06	NA
190	"EC2_ADAM10_interaction_region"	"coil"	83.44	NA
191	"EC2_ADAM10_interaction_region"	"coil"	81.44	NA
192	"EC2_ADAM10_interaction_region"	"coil"	82.12	"exon6_7_boundary"
193	"EC2_ADAM10_interaction_region"	"coil"	79.31	"exon6_7_boundary"
194	"EC2_ADAM10_interaction_region"	"coil"	77.88	NA
195	"EC2_ADAM10_interaction_region"	"coil"	79.94	NA
196	"EC2_ADAM10_interaction_region"	"coil"	76.75	NA
197	"EC2_ADAM10_interaction_region"	"coil"	84.44	NA
198	"EC2_ADAM10_interaction_region"	"coil"	86.25	NA
199	"EC2_ADAM10_interaction_region"	"coil"	88.31	NA
200	"EC2_ADAM10_interaction_region"	"coil"	91.25	NA
201	"EC2_ADAM10_interaction_region"	"coil"	91.62	NA
202	"EC2_ADAM10_interaction_region"	"coil"	93	NA
203	"EC2_ADAM10_interaction_region"	"coil"	92.19	NA
204	"EC2_ADAM10_interaction_region"	"coil"	92.75	NA
205	"EC2_ADAM10_interaction_region"	"coil"	93.56	NA
206	"EC2_ADAM10_interaction_region"	"coil"	92.25	NA
207	"EC2_ADAM10_interaction_region"	"coil"	92.19	NA
208	"EC2_ADAM10_interaction_region"	"coil"	92.56	NA
209	"EC2_ADAM10_interaction_region"	"coil"	92.06	NA
210	"EC2_ADAM10_interaction_region"	"coil"	92.06	NA
211	"EC2_ADAM10_interaction_region"	"coil"	92.38	NA
212	"EC2_ADAM10_interaction_region"	"coil"	93.56	NA
213	"EC2_ADAM10_interaction_region"	"coil"	91.69	NA
214	"EC2_ADAM10_interaction_region"	"coil"	89.19	NA
215	"EC2_ADAM10_interaction_region"	"coil"	90.44	NA
216	"EC2_ADAM10_interaction_region"	"coil"	95.31	NA
217	"EC2_ADAM10_interaction_region"	"coil"	95.75	NA
218	"EC2_ADAM10_interaction_region"	"coil"	95.62	NA
219	"EC2_ADAM10_interaction_region"	"coil"	95.5	NA
220	"EC2_ADAM10_interaction_region"	"coil"	96	NA
221	"EC2_ADAM10_interaction_region"	"alpha_helix"	95.69	NA
222	"EC2_ADAM10_interaction_region"	"alpha_helix"	94.44	NA
223	"EC2_ADAM10_interaction_region"	"alpha_helix"	94.25	NA
224	"EC2_ADAM10_interaction_region"	"alpha_helix"	94.25	NA
225	"EC2_ADAM10_interaction_region"	"alpha_helix"	91.88	NA
226	"EC2_ADAM10_interaction_region"	"alpha_helix"	91.75	NA
227	"EC2_ADAM10_interaction_region"	"alpha_helix"	91.94	NA
228	"EC2_ADAM10_interaction_region"	"alpha_helix"	91.56	NA
229	"EC2_ADAM10_interaction_region"	"alpha_helix"	89.88	NA
230	"EC2_ADAM10_interaction_region"	"alpha_helix"	90.25	NA
231	"EC2_ADAM10_interaction_region"	"alpha_helix"	92.5	NA
232	"EC2_ADAM10_interaction_region"	"alpha_helix"	94.12	NA
