snp	risk_allele	position	tissue	p_value	nes	phenotype_id	event_class	effect_allele	direction_call	neg_log10_p	snp_label	tissue_label	genome_build
"rs1870140"	"G"	80486993	"Brain_Anterior_cingulate_cortex_BA24"	2.02344e-15	1.21923	"chr10:80509471:80512144:clu_7672:ENSG00000108219.14"	"exact_exon5_6"	"G"	"AD_risk_allele_increases_exact_brain_exon5_exon6_feature"	14.6939096689869	"rs1870140 [G]"	"BA24"	"GRCh38"
"rs1870140"	"G"	80486993	"Brain_Hippocampus"	4.09077e-06	0.636263	"chr10:80509471:80512144:clu_7929:ENSG00000108219.14"	"exact_exon5_6"	"G"	"AD_risk_allele_increases_exact_brain_exon5_exon6_feature"	5.38819493764629	"rs1870140 [G]"	"Hippocampus"	"GRCh38"
"rs1870140"	"G"	80486993	"Brain_Putamen_basal_ganglia"	3.03541e-06	0.53845	"chr10:80509471:80512144:clu_7793:ENSG00000108219.14"	"exact_exon5_6"	"G"	"AD_risk_allele_increases_exact_brain_exon5_exon6_feature"	5.5177826394449	"rs1870140 [G]"	"Putamen"	"GRCh38"
"rs1870140"	"G"	80486993	"Brain_Spinal_cord_cervical_c-1"	7.16037e-10	0.827552	"chr10:80509471:80512144:clu_7631:ENSG00000108219.14"	"exact_exon5_6"	"G"	"AD_risk_allele_increases_exact_brain_exon5_exon6_feature"	9.14506453568005	"rs1870140 [G]"	"Spinal cord C1"	"GRCh38"
"rs6586028"	"T"	80494228	"Brain_Anterior_cingulate_cortex_BA24"	3.93955e-21	1.19383	"chr10:80509471:80512144:clu_7672:ENSG00000108219.14"	"exact_exon5_6"	"T"	"AD_risk_allele_increases_exact_brain_exon5_exon6_feature"	20.4045533831689	"rs6586028 [T]"	"BA24"	"GRCh38"
"rs6586028"	"T"	80494228	"Brain_Hippocampus"	5.34412e-11	0.781785	"chr10:80509471:80512144:clu_7929:ENSG00000108219.14"	"exact_exon5_6"	"T"	"AD_risk_allele_increases_exact_brain_exon5_exon6_feature"	10.2721237985204	"rs6586028 [T]"	"Hippocampus"	"GRCh38"
"rs6586028"	"T"	80494228	"Brain_Putamen_basal_ganglia"	5.91175e-12	0.705483	"chr10:80509471:80512144:clu_7793:ENSG00000108219.14"	"exact_exon5_6"	"T"	"AD_risk_allele_increases_exact_brain_exon5_exon6_feature"	11.2282839399576	"rs6586028 [T]"	"Putamen"	"GRCh38"
"rs6586028"	"T"	80494228	"Brain_Spinal_cord_cervical_c-1"	2.23872e-12	0.900012	"chr10:80509471:80512144:clu_7631:ENSG00000108219.14"	"exact_exon5_6"	"T"	"AD_risk_allele_increases_exact_brain_exon5_exon6_feature"	11.6500002208735	"rs6586028 [T]"	"Spinal cord C1"	"GRCh38"
"rs1902660"	"C"	80503927	"Brain_Anterior_cingulate_cortex_BA24"	3.93955e-21	1.19383	"chr10:80509471:80512144:clu_7672:ENSG00000108219.14"	"exact_exon5_6"	"C"	"AD_risk_allele_increases_exact_brain_exon5_exon6_feature"	20.4045533831689	"rs1902660 [C]"	"BA24"	"GRCh38"
"rs1902660"	"C"	80503927	"Brain_Hippocampus"	5.34412e-11	0.781785	"chr10:80509471:80512144:clu_7929:ENSG00000108219.14"	"exact_exon5_6"	"C"	"AD_risk_allele_increases_exact_brain_exon5_exon6_feature"	10.2721237985204	"rs1902660 [C]"	"Hippocampus"	"GRCh38"
"rs1902660"	"C"	80503927	"Brain_Putamen_basal_ganglia"	5.91175e-12	0.705483	"chr10:80509471:80512144:clu_7793:ENSG00000108219.14"	"exact_exon5_6"	"C"	"AD_risk_allele_increases_exact_brain_exon5_exon6_feature"	11.2282839399576	"rs1902660 [C]"	"Putamen"	"GRCh38"
"rs1902660"	"C"	80503927	"Brain_Spinal_cord_cervical_c-1"	2.23872e-12	0.900012	"chr10:80509471:80512144:clu_7631:ENSG00000108219.14"	"exact_exon5_6"	"C"	"AD_risk_allele_increases_exact_brain_exon5_exon6_feature"	11.6500002208735	"rs1902660 [C]"	"Spinal cord C1"	"GRCh38"
"rs7080009"	"C"	80509705	"Brain_Anterior_cingulate_cortex_BA24"	3.93955e-21	1.19383	"chr10:80509471:80512144:clu_7672:ENSG00000108219.14"	"exact_exon5_6"	"C"	"AD_risk_allele_increases_exact_brain_exon5_exon6_feature"	20.4045533831689	"rs7080009 [C]"	"BA24"	"GRCh38"
"rs7080009"	"C"	80509705	"Brain_Hippocampus"	5.34412e-11	0.781785	"chr10:80509471:80512144:clu_7929:ENSG00000108219.14"	"exact_exon5_6"	"C"	"AD_risk_allele_increases_exact_brain_exon5_exon6_feature"	10.2721237985204	"rs7080009 [C]"	"Hippocampus"	"GRCh38"
"rs7080009"	"C"	80509705	"Brain_Putamen_basal_ganglia"	5.91175e-12	0.705483	"chr10:80509471:80512144:clu_7793:ENSG00000108219.14"	"exact_exon5_6"	"C"	"AD_risk_allele_increases_exact_brain_exon5_exon6_feature"	11.2282839399576	"rs7080009 [C]"	"Putamen"	"GRCh38"
"rs7080009"	"C"	80509705	"Brain_Spinal_cord_cervical_c-1"	2.23872e-12	0.900012	"chr10:80509471:80512144:clu_7631:ENSG00000108219.14"	"exact_exon5_6"	"C"	"AD_risk_allele_increases_exact_brain_exon5_exon6_feature"	11.6500002208735	"rs7080009 [C]"	"Spinal cord C1"	"GRCh38"
"rs1870138"	"G"	80509855	"Brain_Anterior_cingulate_cortex_BA24"	4.61316e-20	1.15865	"chr10:80509471:80512144:clu_7672:ENSG00000108219.14"	"exact_exon5_6"	"G"	"AD_risk_allele_increases_exact_brain_exon5_exon6_feature"	19.3360014823282	"rs1870138 [G]"	"BA24"	"GRCh38"
"rs1870138"	"G"	80509855	"Brain_Hippocampus"	2.0782e-10	0.755575	"chr10:80509471:80512144:clu_7929:ENSG00000108219.14"	"exact_exon5_6"	"G"	"AD_risk_allele_increases_exact_brain_exon5_exon6_feature"	9.68231265951382	"rs1870138 [G]"	"Hippocampus"	"GRCh38"
"rs1870138"	"G"	80509855	"Brain_Putamen_basal_ganglia"	1.89892e-11	0.684103	"chr10:80509471:80512144:clu_7793:ENSG00000108219.14"	"exact_exon5_6"	"G"	"AD_risk_allele_increases_exact_brain_exon5_exon6_feature"	10.7214933313611	"rs1870138 [G]"	"Putamen"	"GRCh38"
"rs1870138"	"G"	80509855	"Brain_Spinal_cord_cervical_c-1"	3.60415e-12	0.865001	"chr10:80509471:80512144:clu_7631:ENSG00000108219.14"	"exact_exon5_6"	"G"	"AD_risk_allele_increases_exact_brain_exon5_exon6_feature"	11.4431971425496	"rs1870138 [G]"	"Spinal cord C1"	"GRCh38"
"rs1870137"	"G"	80510092	"Brain_Anterior_cingulate_cortex_BA24"	3.93955e-21	1.19383	"chr10:80509471:80512144:clu_7672:ENSG00000108219.14"	"exact_exon5_6"	"G"	"AD_risk_allele_increases_exact_brain_exon5_exon6_feature"	20.4045533831689	"rs1870137 [G]"	"BA24"	"GRCh38"
"rs1870137"	"G"	80510092	"Brain_Hippocampus"	5.34412e-11	0.781785	"chr10:80509471:80512144:clu_7929:ENSG00000108219.14"	"exact_exon5_6"	"G"	"AD_risk_allele_increases_exact_brain_exon5_exon6_feature"	10.2721237985204	"rs1870137 [G]"	"Hippocampus"	"GRCh38"
"rs1870137"	"G"	80510092	"Brain_Putamen_basal_ganglia"	5.91175e-12	0.705483	"chr10:80509471:80512144:clu_7793:ENSG00000108219.14"	"exact_exon5_6"	"G"	"AD_risk_allele_increases_exact_brain_exon5_exon6_feature"	11.2282839399576	"rs1870137 [G]"	"Putamen"	"GRCh38"
"rs1870137"	"G"	80510092	"Brain_Spinal_cord_cervical_c-1"	2.23872e-12	0.900012	"chr10:80509471:80512144:clu_7631:ENSG00000108219.14"	"exact_exon5_6"	"G"	"AD_risk_allele_increases_exact_brain_exon5_exon6_feature"	11.6500002208735	"rs1870137 [G]"	"Spinal cord C1"	"GRCh38"
