donor_id	normalized_phenotype	genotype	sample_id	target_reads	cluster_reads	raw_ier	leafcutter_ier	raw_ier_percent	genotype_label	risk_aligned_allele
"GTEX-1B996"	-2.30842103295313	1	"GTEX-1B996-0011-R3b-SM-9QEGY"	61	66	0.924242424242424	0.924812030075188	92.4242424242424	"1 copy"	"GTEx C (reverse-complement of risk-aligned G)"
"GTEX-PVOW"	0.549449398890654	2	"GTEX-PVOW-0011-R3A-SM-32PKX"	93	93	1	1	100	"2 copies"	"GTEx C (reverse-complement of risk-aligned G)"
"GTEX-14LLW"	0.517692579731495	2	"GTEX-14LLW-0011-R3b-SM-62LFW"	57	57	1	1	100	"2 copies"	"GTEx C (reverse-complement of risk-aligned G)"
"GTEX-17EVP"	0.584111985829995	2	"GTEX-17EVP-0011-R3a-SM-7EPI9"	59	59	1	1	100	"2 copies"	"GTEx C (reverse-complement of risk-aligned G)"
"GTEX-WL46"	0.544517808530358	2	"GTEX-WL46-0011-R3A-SM-3TW8E"	58	58	1	1	100	"2 copies"	"GTEx C (reverse-complement of risk-aligned G)"
"GTEX-P44G"	0.492133341047993	2	"GTEX-P44G-0011-R3A-SM-2I3FC"	50	50	1	1	100	"2 copies"	"GTEx C (reverse-complement of risk-aligned G)"
"GTEX-15ER7"	0.522216001054043	2	"GTEX-15ER7-0011-R3a-SM-6LPIK"	51	51	1	1	100	"2 copies"	"GTEx C (reverse-complement of risk-aligned G)"
"GTEX-13CIG"	0.31106685606692	2	"GTEX-13CIG-0011-R3b-SM-5K7XF"	12	12	1	1	100	"2 copies"	"GTEx C (reverse-complement of risk-aligned G)"
"GTEX-13VXU"	0.580059807392943	2	"GTEX-13VXU-0011-R3b-SM-5O9CU"	48	48	1	1	100	"2 copies"	"GTEx C (reverse-complement of risk-aligned G)"
"GTEX-14JIY"	-2.92906071905315	1	"GTEX-14JIY-0011-R3a-SM-5YYAQ"	33	36	0.916666666666667	0.917808219178082	91.6666666666667	"1 copy"	"GTEx C (reverse-complement of risk-aligned G)"
"GTEX-13N1W"	0.593053747290248	2	"GTEX-13N1W-0011-R3a-SM-5MR5E"	39	39	1	1	100	"2 copies"	"GTEx C (reverse-complement of risk-aligned G)"
"GTEX-17EVQ"	0.396191429977947	2	"GTEX-17EVQ-0011-R3b-SM-7LT9B"	36	36	1	1	100	"2 copies"	"GTEx C (reverse-complement of risk-aligned G)"
"GTEX-145LU"	0.489040192663078	2	"GTEX-145LU-0011-R3a-SM-5P9K2"	35	35	1	1	100	"2 copies"	"GTEx C (reverse-complement of risk-aligned G)"
"GTEX-UTHO"	0.307756853124409	2	"GTEX-UTHO-0011-R3A-SM-3GIK8"	12	12	1	1	100	"2 copies"	"GTEx C (reverse-complement of risk-aligned G)"
"GTEX-RVPV"	0.370420742355756	2	"GTEX-RVPV-0011-R3A-SM-2TF63"	20	20	1	1	100	"2 copies"	"GTEx C (reverse-complement of risk-aligned G)"
"GTEX-13PLJ"	-3.07157360110318	1	"GTEX-13PLJ-0011-R3a-SM-5O9DT"	13	15	0.866666666666667	0.870967741935484	86.6666666666667	"1 copy"	"GTEx C (reverse-complement of risk-aligned G)"
"GTEX-16XZZ"	0.340171944231238	2	"GTEX-16XZZ-0011-R3a-SM-7IGLH"	43	43	1	1	100	"2 copies"	"GTEx C (reverse-complement of risk-aligned G)"
"GTEX-ZDXO"	-0.799750049702136	1	"GTEX-ZDXO-0011-R3a-SM-4WKFS"	46	47	0.978723404255319	0.978947368421053	97.8723404255319	"1 copy"	"GTEx C (reverse-complement of risk-aligned G)"
"GTEX-1KD4Q"	0.356873764447596	2	"GTEX-1KD4Q-0011-R3b-SM-EXOID"	16	16	1	1	100	"2 copies"	"GTEx C (reverse-complement of risk-aligned G)"
"GTEX-13FLV"	0.39150700137652	2	"GTEX-13FLV-0011-R3b-SM-5LZYP"	15	15	1	1	100	"2 copies"	"GTEx C (reverse-complement of risk-aligned G)"
"GTEX-11GSP"	0.353764152426024	2	"GTEX-11GSP-0011-R3a-SM-9QEGF"	16	16	1	1	100	"2 copies"	"GTEx C (reverse-complement of risk-aligned G)"
"GTEX-1EH9U"	0.295751356998202	2	"GTEX-1EH9U-0011-R3b-SM-CL534"	18	18	1	1	100	"2 copies"	"GTEx C (reverse-complement of risk-aligned G)"
"GTEX-1F52S"	0.327575575466431	2	"GTEX-1F52S-0011-R3a-SM-CKZNI"	28	28	1	1	100	"2 copies"	"GTEx C (reverse-complement of risk-aligned G)"
"GTEX-11GSO"	0.485420833193553	2	"GTEX-11GSO-0011-R3b-SM-57WB2"	36	36	1	1	100	"2 copies"	"GTEx C (reverse-complement of risk-aligned G)"
"GTEX-X4XX"	0.395840594678732	2	"GTEX-X4XX-0011-R3B-SM-46MWK"	26	26	1	1	100	"2 copies"	"GTEx C (reverse-complement of risk-aligned G)"
"GTEX-P44H"	-2.3143901605297	0	"GTEX-P44H-0011-R3A-SM-D3L8E"	46	49	0.938775510204082	0.939393939393939	93.8775510204082	"0 copies"	"GTEx C (reverse-complement of risk-aligned G)"
"GTEX-1MCQQ"	0.281057060019613	2	"GTEX-1MCQQ-0011-R3a-SM-EXURW"	11	11	1	1	100	"2 copies"	"GTEx C (reverse-complement of risk-aligned G)"
"GTEX-1EX96"	0.358917305292967	2	"GTEX-1EX96-0011-R3b-SM-ARZMH"	21	21	1	1	100	"2 copies"	"GTEx C (reverse-complement of risk-aligned G)"
"GTEX-13PVQ"	0.477308639652834	2	"GTEX-13PVQ-0011-R3b-SM-5O9D6"	34	34	1	1	100	"2 copies"	"GTEx C (reverse-complement of risk-aligned G)"
"GTEX-1313W"	0.497499320135129	2	"GTEX-1313W-0011-R3a-SM-5EGLI"	58	58	1	1	100	"2 copies"	"GTEx C (reverse-complement of risk-aligned G)"
"GTEX-1C6WA"	-2.32131456295258	1	"GTEX-1C6WA-0011-R3a-SM-9OSVP"	31	33	0.939393939393939	0.940298507462687	93.9393939393939	"1 copy"	"GTEx C (reverse-complement of risk-aligned G)"
"GTEX-N7MT"	0.3603329423695	1	"GTEX-N7MT-0011-R3a-SM-2I3GC"	25	25	1	1	100	"1 copy"	"GTEx C (reverse-complement of risk-aligned G)"
"GTEX-14PQA"	0.383020390101681	2	"GTEX-14PQA-0011-R3b-SM-69LQO"	38	38	1	1	100	"2 copies"	"GTEx C (reverse-complement of risk-aligned G)"
"GTEX-YJ89"	0.569242362533494	2	"GTEX-YJ89-0011-R3b-SM-4V6EF"	43	43	1	1	100	"2 copies"	"GTEx C (reverse-complement of risk-aligned G)"
"GTEX-144GL"	0.614390293218787	2	"GTEX-144GL-0011-R3a-SM-5P9HP"	62	62	1	1	100	"2 copies"	"GTEx C (reverse-complement of risk-aligned G)"
"GTEX-1GMR8"	-2.88853157916012	0	"GTEX-1GMR8-0011-R3b-SM-9QEIG"	50	52	0.961538461538461	0.961904761904762	96.1538461538462	"0 copies"	"GTEx C (reverse-complement of risk-aligned G)"
"GTEX-1BAJH"	0.424034017910673	2	"GTEX-1BAJH-0011-R3a-SM-7IGNU"	17	17	1	1	100	"2 copies"	"GTEx C (reverse-complement of risk-aligned G)"
"GTEX-13CF2"	0.387848297619614	1	"GTEX-13CF2-0011-R3b-SM-5LZZ6"	21	21	1	1	100	"1 copy"	"GTEx C (reverse-complement of risk-aligned G)"
"GTEX-ZVT3"	0.297045498677075	2	"GTEX-ZVT3-0011-R3b-SM-51MTJ"	17	17	1	1	100	"2 copies"	"GTEx C (reverse-complement of risk-aligned G)"
"GTEX-13OW5"	0.348432365434371	2	"GTEX-13OW5-0011-R3a-SM-5L3I5"	19	19	1	1	100	"2 copies"	"GTEx C (reverse-complement of risk-aligned G)"
"GTEX-11WQK"	0.352885287709743	1	"GTEX-11WQK-0011-R3b-SM-DO93K"	38	38	1	1	100	"1 copy"	"GTEx C (reverse-complement of risk-aligned G)"
"GTEX-X585"	0.423227589895048	2	"GTEX-X585-0011-R3B-SM-46MVG"	42	42	1	1	100	"2 copies"	"GTEx C (reverse-complement of risk-aligned G)"
"GTEX-1GTWX"	0.673906789778996	2	"GTEX-1GTWX-0011-R3b-SM-CJI2Z"	61	61	1	1	100	"2 copies"	"GTEx C (reverse-complement of risk-aligned G)"
"GTEX-145MH"	0.574103634267013	2	"GTEX-145MH-0011-R3b-SM-5P9JQ"	74	74	1	1	100	"2 copies"	"GTEx C (reverse-complement of risk-aligned G)"
"GTEX-12ZZW"	0.2203402760566	2	"GTEX-12ZZW-0011-R3a-SM-5DUWW"	14	14	1	1	100	"2 copies"	"GTEx C (reverse-complement of risk-aligned G)"
"GTEX-13QIC"	-0.541100875058755	1	"GTEX-13QIC-0011-R3a-SM-5P9HT"	44	45	0.977777777777778	0.978021978021978	97.7777777777778	"1 copy"	"GTEx C (reverse-complement of risk-aligned G)"
"GTEX-17HHY"	0.323098419076551	2	"GTEX-17HHY-0011-R3a-SM-7EWDK"	21	21	1	1	100	"2 copies"	"GTEx C (reverse-complement of risk-aligned G)"
"GTEX-1F48J"	-0.194488144430271	1	"GTEX-1F48J-0011-R3b-SM-9OSVY"	70	71	0.985915492957746	0.986013986013986	98.5915492957747	"1 copy"	"GTEx C (reverse-complement of risk-aligned G)"
"GTEX-12WSM"	-1.07667529199387	1	"GTEX-12WSM-0011-R3b-SM-5LZWI"	24	25	0.96	0.96078431372549	96	"1 copy"	"GTEx C (reverse-complement of risk-aligned G)"
"GTEX-13CZV"	0.435872079374828	1	"GTEX-13CZV-0011-R3a-SM-5KM27"	33	33	1	1	100	"1 copy"	"GTEx C (reverse-complement of risk-aligned G)"
"GTEX-13OW7"	0.439474339787509	2	"GTEX-13OW7-0011-R3a-SM-5O9DA"	31	31	1	1	100	"2 copies"	"GTEx C (reverse-complement of risk-aligned G)"
"GTEX-QVUS"	0.303523723519292	2	"GTEX-QVUS-0011-R3A-SM-3GAFD"	28	28	1	1	100	"2 copies"	"GTEx C (reverse-complement of risk-aligned G)"
"GTEX-14BMV"	0.274559487817532	2	"GTEX-14BMV-0011-R3a-SM-5ZZU7"	15	15	1	1	100	"2 copies"	"GTEx C (reverse-complement of risk-aligned G)"
"GTEX-1JMOU"	0.406130897887848	2	"GTEX-1JMOU-0011-R3a-SM-EYYXN"	59	59	1	1	100	"2 copies"	"GTEx C (reverse-complement of risk-aligned G)"
"GTEX-12WSD"	0.248347247011161	2	"GTEX-12WSD-0011-R3b-SM-5LZWN"	5	5	1	1	100	"2 copies"	"GTEx C (reverse-complement of risk-aligned G)"
"GTEX-ZF28"	0.33461552465622	1	"GTEX-ZF28-0011-R3a-SM-4WWDA"	28	28	1	1	100	"1 copy"	"GTEx C (reverse-complement of risk-aligned G)"
"GTEX-ZUA1"	0.514862399911983	2	"GTEX-ZUA1-0011-R3a-SM-4YCEE"	25	25	1	1	100	"2 copies"	"GTEx C (reverse-complement of risk-aligned G)"
"GTEX-X4XY"	0.306211280167672	2	"GTEX-X4XY-0011-R3B-SM-EXOHI"	22	22	1	1	100	"2 copies"	"GTEx C (reverse-complement of risk-aligned G)"
"GTEX-15EO6"	0.617384644780478	2	"GTEX-15EO6-0011-R3b-SM-7KUDY"	62	62	1	1	100	"2 copies"	"GTEx C (reverse-complement of risk-aligned G)"
"GTEX-15DYW"	0.304110473422079	2	"GTEX-15DYW-0011-R3b-SM-6LPIM"	15	15	1	1	100	"2 copies"	"GTEx C (reverse-complement of risk-aligned G)"
"GTEX-13S7M"	-0.731166077984401	1	"GTEX-13S7M-0011-R3a-SM-5PNX2"	41	42	0.976190476190476	0.976470588235294	97.6190476190476	"1 copy"	"GTEx C (reverse-complement of risk-aligned G)"
"GTEX-145MG"	0.373486019408855	2	"GTEX-145MG-0011-R3b-SM-5SI67"	16	16	1	1	100	"2 copies"	"GTEx C (reverse-complement of risk-aligned G)"
"GTEX-1EU9M"	0.281946796020315	2	"GTEX-1EU9M-0011-R3a-SM-9QEHY"	20	20	1	1	100	"2 copies"	"GTEx C (reverse-complement of risk-aligned G)"
"GTEX-ZAB4"	0.611117072671602	2	"GTEX-ZAB4-0011-R3a-SM-4RGNQ"	54	54	1	1	100	"2 copies"	"GTEx C (reverse-complement of risk-aligned G)"
"GTEX-13JVG"	0.325149639768384	2	"GTEX-13JVG-0011-R3b-SM-5LZXF"	29	29	1	1	100	"2 copies"	"GTEx C (reverse-complement of risk-aligned G)"
"GTEX-14PJM"	0.510826420825114	2	"GTEX-14PJM-0011-R3b-SM-5ZZV9"	27	27	1	1	100	"2 copies"	"GTEx C (reverse-complement of risk-aligned G)"
"GTEX-Y8DK"	0.382068571172823	1	"GTEX-Y8DK-0011-R3A-SM-4RTW5"	27	27	1	1	100	"1 copy"	"GTEx C (reverse-complement of risk-aligned G)"
"GTEX-1EMGI"	-1.49378998011175	1	"GTEX-1EMGI-0011-R3b-SM-CE6R9"	47	49	0.959183673469388	0.95959595959596	95.9183673469388	"1 copy"	"GTEx C (reverse-complement of risk-aligned G)"
"GTEX-NL3H"	0.427262495669574	2	"GTEX-NL3H-0011-R3a-SM-2I3GL"	27	27	1	1	100	"2 copies"	"GTEx C (reverse-complement of risk-aligned G)"
"GTEX-13SLW"	0.353293298103967	2	"GTEX-13SLW-0011-R3b-SM-5SI6Y"	31	31	1	1	100	"2 copies"	"GTEx C (reverse-complement of risk-aligned G)"
"GTEX-RNOR"	-0.892077182554013	1	"GTEX-RNOR-0011-R3A-SM-5SI8E"	66	67	0.985074626865672	0.985185185185185	98.5074626865672	"1 copy"	"GTEx C (reverse-complement of risk-aligned G)"
"GTEX-13112"	0.344267928987457	2	"GTEX-13112-0011-R3b-SM-5HL9L"	12	12	1	1	100	"2 copies"	"GTEx C (reverse-complement of risk-aligned G)"
"GTEX-1B8L1"	0.545407251956378	1	"GTEX-1B8L1-0011-R3a-SM-7EPIO"	59	59	1	1	100	"1 copy"	"GTEx C (reverse-complement of risk-aligned G)"
"GTEX-15G19"	0.289441772325124	2	"GTEX-15G19-0011-R3a-SM-6LPIG"	46	46	1	1	100	"2 copies"	"GTEx C (reverse-complement of risk-aligned G)"
"GTEX-13O3O"	-1.45412195653241	1	"GTEX-13O3O-0011-R3b-SM-5KM3R"	26	27	0.962962962962963	0.963636363636364	96.2962962962963	"1 copy"	"GTEx C (reverse-complement of risk-aligned G)"
"GTEX-T2IS"	0.344486960437112	2	"GTEX-T2IS-0011-R3A-SM-32QPB"	46	46	1	1	100	"2 copies"	"GTEx C (reverse-complement of risk-aligned G)"
"GTEX-1445S"	0.426325780045355	1	"GTEX-1445S-0011-R3a-SM-5P9HY"	51	51	1	1	100	"1 copy"	"GTEx C (reverse-complement of risk-aligned G)"
"GTEX-1JMPZ"	0.399894127751564	2	"GTEX-1JMPZ-0011-R3a-SM-EYYWX"	23	23	1	1	100	"2 copies"	"GTEx C (reverse-complement of risk-aligned G)"
"GTEX-148VJ"	0.256567030601056	2	"GTEX-148VJ-0011-R3b-SM-69LQJ"	14	14	1	1	100	"2 copies"	"GTEx C (reverse-complement of risk-aligned G)"
"GTEX-XMD1"	-0.845750676651099	1	"GTEX-XMD1-0011-R3B-SM-4AT5R"	31	32	0.96875	0.969230769230769	96.875	"1 copy"	"GTEx C (reverse-complement of risk-aligned G)"
"GTEX-15CHQ"	0.551611171727452	2	"GTEX-15CHQ-0011-R3b-SM-686ZY"	48	48	1	1	100	"2 copies"	"GTEx C (reverse-complement of risk-aligned G)"
"GTEX-14C39"	0.495697961393414	2	"GTEX-14C39-0011-R3b-SM-5YYA3"	47	47	1	1	100	"2 copies"	"GTEx C (reverse-complement of risk-aligned G)"
"GTEX-13NYB"	0.442691983606825	2	"GTEX-13NYB-0011-R3b-SM-A9SM4"	31	31	1	1	100	"2 copies"	"GTEx C (reverse-complement of risk-aligned G)"
"GTEX-1CB4G"	0.420133456904596	2	"GTEX-1CB4G-0011-R3a-SM-CE6QQ"	28	28	1	1	100	"2 copies"	"GTEx C (reverse-complement of risk-aligned G)"
"GTEX-17F97"	-2.37567194586889	1	"GTEX-17F97-0011-R3b-SM-7LT9E"	22	23	0.956521739130435	0.957446808510638	95.6521739130435	"1 copy"	"GTEx C (reverse-complement of risk-aligned G)"
"GTEX-12ZZZ"	0.46962281833121	2	"GTEX-12ZZZ-0011-R3b-SM-5DUXK"	31	31	1	1	100	"2 copies"	"GTEx C (reverse-complement of risk-aligned G)"
"GTEX-PWO3"	0.485818982574749	2	"GTEX-PWO3-0011-R3A-SM-2I5EX"	32	32	1	1	100	"2 copies"	"GTEx C (reverse-complement of risk-aligned G)"
"GTEX-16YQH"	-3.08504372761298	0	"GTEX-16YQH-0011-R3a-SM-7EPGM"	42	45	0.933333333333333	0.934065934065934	93.3333333333333	"0 copies"	"GTEx C (reverse-complement of risk-aligned G)"
"GTEX-15SHU"	0.401811466500863	2	"GTEX-15SHU-0011-R3a-SM-7IGPS"	32	32	1	1	100	"2 copies"	"GTEx C (reverse-complement of risk-aligned G)"
"GTEX-14PJO"	-2.75756722062313	0	"GTEX-14PJO-0011-R3a-SM-6AJBY"	23	25	0.92	0.92156862745098	92	"0 copies"	"GTEx C (reverse-complement of risk-aligned G)"
"GTEX-14BIM"	-2.42284592386117	1	"GTEX-14BIM-0011-R3b-SM-5S2RL"	29	32	0.90625	0.907692307692308	90.625	"1 copy"	"GTEx C (reverse-complement of risk-aligned G)"
"GTEX-14PN4"	-0.527766719144603	1	"GTEX-14PN4-0011-R3b-SM-686ZU"	47	48	0.979166666666667	0.979381443298969	97.9166666666667	"1 copy"	"GTEx C (reverse-complement of risk-aligned G)"
"GTEX-14E7W"	0.474732585485912	2	"GTEX-14E7W-0011-R3b-SM-5YYB5"	37	37	1	1	100	"2 copies"	"GTEx C (reverse-complement of risk-aligned G)"
"GTEX-13OW8"	0.4003094261697	1	"GTEX-13OW8-0011-R3a-SM-5L3I4"	32	32	1	1	100	"1 copy"	"GTEx C (reverse-complement of risk-aligned G)"
"GTEX-1E1VI"	0.409078852946269	2	"GTEX-1E1VI-0011-R3a-SM-9OSWH"	17	17	1	1	100	"2 copies"	"GTEx C (reverse-complement of risk-aligned G)"
"GTEX-1GF9W"	-3.03127813076813	1	"GTEX-1GF9W-0011-R3b-SM-CJI2S"	38	41	0.926829268292683	0.927710843373494	92.6829268292683	"1 copy"	"GTEx C (reverse-complement of risk-aligned G)"
"GTEX-139TT"	0.483994762367559	2	"GTEX-139TT-0011-R3b-SM-5K7VL"	22	22	1	1	100	"2 copies"	"GTEx C (reverse-complement of risk-aligned G)"
"GTEX-1A3MX"	0.454660430576994	1	"GTEX-1A3MX-0011-R3b-SM-79OOW"	27	27	1	1	100	"1 copy"	"GTEx C (reverse-complement of risk-aligned G)"
"GTEX-12ZZX"	0.538508226407425	1	"GTEX-12ZZX-0011-R3b-SM-5EGLH"	44	44	1	1	100	"1 copy"	"GTEx C (reverse-complement of risk-aligned G)"
"GTEX-Q2AG"	-1.30799319872501	0	"GTEX-Q2AG-0011-R3A-SM-2HMJ9"	51	52	0.980769230769231	0.980952380952381	98.0769230769231	"0 copies"	"GTEx C (reverse-complement of risk-aligned G)"
"GTEX-1GZ4I"	0.424905270029021	2	"GTEX-1GZ4I-0011-R3b-SM-9OSWP"	12	12	1	1	100	"2 copies"	"GTEx C (reverse-complement of risk-aligned G)"
"GTEX-1N2EE"	0.461210156001223	2	"GTEX-1N2EE-0011-R3b-SM-EXURY"	41	41	1	1	100	"2 copies"	"GTEx C (reverse-complement of risk-aligned G)"
"GTEX-13FHO"	0.484691092412923	2	"GTEX-13FHO-0011-R3b-SM-5K7YA"	57	57	1	1	100	"2 copies"	"GTEx C (reverse-complement of risk-aligned G)"
"GTEX-14JG1"	-2.74586924612207	1	"GTEX-14JG1-0011-R3a-SM-62LEC"	46	49	0.938775510204082	0.939393939393939	93.8775510204082	"1 copy"	"GTEx C (reverse-complement of risk-aligned G)"
"GTEX-14LZ3"	0.305160708445718	2	"GTEX-14LZ3-0011-R3a-SM-664NQ"	23	23	1	1	100	"2 copies"	"GTEx C (reverse-complement of risk-aligned G)"
"GTEX-11DZ1"	0.50100659546277	2	"GTEX-11DZ1-0011-R3a-SM-DNZYY"	36	36	1	1	100	"2 copies"	"GTEx C (reverse-complement of risk-aligned G)"
"GTEX-12WSF"	0.423743672083827	2	"GTEX-12WSF-0011-R3a-SM-5DUW7"	23	23	1	1	100	"2 copies"	"GTEx C (reverse-complement of risk-aligned G)"
"GTEX-14BIN"	0.428070310114976	2	"GTEX-14BIN-0011-R3b-SM-6AJBL"	30	30	1	1	100	"2 copies"	"GTEx C (reverse-complement of risk-aligned G)"
"GTEX-NPJ8"	0.490669330937799	1	"GTEX-NPJ8-0011-R3a-SM-2HMIW"	84	84	1	1	100	"1 copy"	"GTEx C (reverse-complement of risk-aligned G)"
"GTEX-WHSE"	0.591577740051406	2	"GTEX-WHSE-0011-R3A-SM-3P5ZM"	73	73	1	1	100	"2 copies"	"GTEx C (reverse-complement of risk-aligned G)"
"GTEX-1B933"	0.584671658947229	2	"GTEX-1B933-0011-R3b-SM-7P8PL"	54	54	1	1	100	"2 copies"	"GTEx C (reverse-complement of risk-aligned G)"
"GTEX-1F75A"	0.340640659600942	2	"GTEX-1F75A-0011-R3b-SM-ARL8K"	28	28	1	1	100	"2 copies"	"GTEx C (reverse-complement of risk-aligned G)"
"GTEX-13OVL"	0.469820386942844	2	"GTEX-13OVL-0011-R3b-SM-5L3I8"	27	27	1	1	100	"2 copies"	"GTEx C (reverse-complement of risk-aligned G)"
"GTEX-YFC4"	0.538474136763582	1	"GTEX-YFC4-0011-R3a-SM-4RGLP"	46	46	1	1	100	"1 copy"	"GTEx C (reverse-complement of risk-aligned G)"
"GTEX-WZTO"	0.6131798596631	2	"GTEX-WZTO-0011-R3B-SM-3NMC6"	69	69	1	1	100	"2 copies"	"GTEx C (reverse-complement of risk-aligned G)"
"GTEX-14DAQ"	0.442399281567527	2	"GTEX-14DAQ-0011-R3b-SM-5YYAJ"	30	30	1	1	100	"2 copies"	"GTEx C (reverse-complement of risk-aligned G)"
"GTEX-11WQC"	0.244243673641835	2	"GTEX-11WQC-0011-R3a-SM-DO11T"	9	9	1	1	100	"2 copies"	"GTEx C (reverse-complement of risk-aligned G)"
"GTEX-13RTJ"	0.546981940843488	1	"GTEX-13RTJ-0011-R3a-SM-5PNX7"	52	52	1	1	100	"1 copy"	"GTEx C (reverse-complement of risk-aligned G)"
"GTEX-131XH"	0.438175573031143	2	"GTEX-131XH-0011-R3b-SM-5DUWM"	33	33	1	1	100	"2 copies"	"GTEx C (reverse-complement of risk-aligned G)"
"GTEX-13OVH"	0.391156812425101	2	"GTEX-13OVH-0011-R3a-SM-5KM49"	16	16	1	1	100	"2 copies"	"GTEx C (reverse-complement of risk-aligned G)"
"GTEX-QDT8"	0.452601313404438	2	"GTEX-QDT8-0011-R3A-SM-32PKR"	106	106	1	1	100	"2 copies"	"GTEx C (reverse-complement of risk-aligned G)"
"GTEX-X4EP"	0.418555710808996	2	"GTEX-X4EP-0011-R3A-SM-3P626"	115	115	1	1	100	"2 copies"	"GTEx C (reverse-complement of risk-aligned G)"
"GTEX-13X6I"	0.598335796646022	2	"GTEX-13X6I-0011-R3b-SM-5P9HM"	52	52	1	1	100	"2 copies"	"GTEx C (reverse-complement of risk-aligned G)"
"GTEX-13X6K"	-0.815193033577162	1	"GTEX-13X6K-0011-R3b-SM-5PNUD"	38	39	0.974358974358974	0.974683544303798	97.4358974358974	"1 copy"	"GTEx C (reverse-complement of risk-aligned G)"
"GTEX-1F7RK"	0.439734182048721	2	"GTEX-1F7RK-0011-R3b-SM-9OSWJ"	34	34	1	1	100	"2 copies"	"GTEx C (reverse-complement of risk-aligned G)"
"GTEX-1GN73"	-0.548420885663258	1	"GTEX-1GN73-0011-R3b-SM-9QEIL"	37	38	0.973684210526316	0.974025974025974	97.3684210526316	"1 copy"	"GTEx C (reverse-complement of risk-aligned G)"
"GTEX-11ZVC"	0.359923906494238	2	"GTEX-11ZVC-0011-R3a-SM-5BC6V"	33	33	1	1	100	"2 copies"	"GTEx C (reverse-complement of risk-aligned G)"
"GTEX-1CB4H"	0.579362119435959	2	"GTEX-1CB4H-0011-R3b-SM-9OSVI"	61	61	1	1	100	"2 copies"	"GTEx C (reverse-complement of risk-aligned G)"
"GTEX-XLM4"	0.629238255466958	2	"GTEX-XLM4-0011-R3B-SM-4AT6E"	56	56	1	1	100	"2 copies"	"GTEx C (reverse-complement of risk-aligned G)"
"GTEX-13RTL"	0.267278814863077	2	"GTEX-13RTL-0011-R3a-SM-5P9JP"	28	28	1	1	100	"2 copies"	"GTEx C (reverse-complement of risk-aligned G)"
"GTEX-17HII"	0.454300763489795	2	"GTEX-17HII-0011-R3a-SM-7LT9D"	25	25	1	1	100	"2 copies"	"GTEx C (reverse-complement of risk-aligned G)"
"GTEX-1GZ2Q"	0.504687506732641	2	"GTEX-1GZ2Q-0011-R3a-SM-A96RP"	33	33	1	1	100	"2 copies"	"GTEx C (reverse-complement of risk-aligned G)"
"GTEX-Z93S"	0.38625917766392	2	"GTEX-Z93S-0011-R3b-SM-4RGNH"	36	36	1	1	100	"2 copies"	"GTEx C (reverse-complement of risk-aligned G)"
"GTEX-ZVZQ"	0.348025049864013	2	"GTEX-ZVZQ-0011-R3a-SM-57WC7"	17	17	1	1	100	"2 copies"	"GTEx C (reverse-complement of risk-aligned G)"
"GTEX-13O3Q"	0.800928050934905	2	"GTEX-13O3Q-0011-R3a-SM-5P9H3"	82	82	1	1	100	"2 copies"	"GTEx C (reverse-complement of risk-aligned G)"
"GTEX-13X6J"	0.621779250118592	2	"GTEX-13X6J-0011-R3b-SM-5P9K5"	77	77	1	1	100	"2 copies"	"GTEx C (reverse-complement of risk-aligned G)"
"GTEX-13N2G"	0.506429954018021	2	"GTEX-13N2G-0011-R3b-SM-5MR5G"	47	47	1	1	100	"2 copies"	"GTEx C (reverse-complement of risk-aligned G)"
"GTEX-1477Z"	0.331965828865752	0	"GTEX-1477Z-0011-R3b-SM-5PNX9"	27	27	1	1	100	"0 copies"	"GTEx C (reverse-complement of risk-aligned G)"
"GTEX-1F6I4"	0.416657356875943	2	"GTEX-1F6I4-0011-R3a-SM-9QEH9"	27	27	1	1	100	"2 copies"	"GTEx C (reverse-complement of risk-aligned G)"
"GTEX-18A6Q"	0.532450069681088	2	"GTEX-18A6Q-0011-R3a-SM-718A7"	34	34	1	1	100	"2 copies"	"GTEx C (reverse-complement of risk-aligned G)"
"GTEX-1LVAO"	0.595833554763306	2	"GTEX-1LVAO-0011-R3a-SM-EXOI7"	63	63	1	1	100	"2 copies"	"GTEx C (reverse-complement of risk-aligned G)"
"GTEX-11ZTS"	-1.82619339625243	1	"GTEX-11ZTS-0011-R3a-SM-5BC78"	16	17	0.941176470588235	0.942857142857143	94.1176470588235	"1 copy"	"GTEx C (reverse-complement of risk-aligned G)"
"GTEX-131YS"	0.406002806142456	2	"GTEX-131YS-0011-R3b-SM-5DUXB"	17	17	1	1	100	"2 copies"	"GTEx C (reverse-complement of risk-aligned G)"
"GTEX-13IVO"	0.24868179564881	2	"GTEX-13IVO-0011-R3b-SM-5IJBJ"	28	28	1	1	100	"2 copies"	"GTEx C (reverse-complement of risk-aligned G)"
"GTEX-11UD1"	0.358445586202478	2	"GTEX-11UD1-0011-R3a-SM-5BC6S"	16	16	1	1	100	"2 copies"	"GTEx C (reverse-complement of risk-aligned G)"
"GTEX-15DCD"	0.693802120355558	2	"GTEX-15DCD-0011-R3b-SM-D4P1P"	39	39	1	1	100	"2 copies"	"GTEx C (reverse-complement of risk-aligned G)"
"GTEX-N7MS"	0.684491381974998	2	"GTEX-N7MS-0011-R3a-SM-33HC6"	101	101	1	1	100	"2 copies"	"GTEx C (reverse-complement of risk-aligned G)"
