analysis_module	purpose	public_script	original_script	external_data_ids	retained_inputs	expected_outputs	manuscript_claim_ids
01_genetic_architecture	Baseline AD-lipid LDSC	code/01_genetic_architecture/01_run_baseline_ldsc.py	scripts/11_run_iteration6_ldsc.py	D01;D02;D03;D04	figure panel source data and Tables S1-S17 where applicable	manuscript estimate, figure source table, main table, or supplementary table	R1
01_genetic_architecture	Pair-harmonized LDSC	code/01_genetic_architecture/02_run_pair_harmonized_ldsc.py	scripts/12_run_iteration6_ldsc_pair_harmonized.py	D01;D02;D03;D04	figure panel source data and Tables S1-S17 where applicable	manuscript estimate, figure source table, main table, or supplementary table	
01_genetic_architecture	Parse LDSC logs	code/01_genetic_architecture/03_parse_ldsc_results.py	scripts/13_parse_iteration6_ldsc_logs.py	D01;D02;D03;D04	figure panel source data and Tables S1-S17 where applicable	manuscript estimate, figure source table, main table, or supplementary table	
01_genetic_architecture	Extended-APOE LD-based conditioning	code/01_genetic_architecture/04_run_extended_apoe_ld_conditioning.py	scripts/247_p1_apoe_conditional_ldsc.py	D01;D02;D03;D04	figure panel source data and Tables S1-S17 where applicable	manuscript estimate, figure source table, main table, or supplementary table	R1
01_genetic_architecture	Physical-window sensitivity through 5 Mb	code/01_genetic_architecture/05_run_apoe_window_sensitivity.py	scripts/168_p0_apoe_window_ldsc.py	D01;D02;D03;D04	figure panel source data and Tables S1-S17 where applicable	manuscript estimate, figure source table, main table, or supplementary table	R1
02_colocalization_and_finemapping	Regional multiple-signal colocalization	code/02_colocalization_and_finemapping/01_run_regional_coloc_susie.R	scripts/18_run_iteration7_ldaware_coloc_susie.R	D01;D02;D03;D05;D14;D15	figure panel source data and Tables S1-S17 where applicable	manuscript estimate, figure source table, main table, or supplementary table	R2
02_colocalization_and_finemapping	Multi-trait HyPrColoc	code/02_colocalization_and_finemapping/02_run_hyprcoloc.R	scripts/19_run_iteration7_ldaware_hyprcoloc.R	D01;D02;D03;D05;D14;D15	figure panel source data and Tables S1-S17 where applicable	manuscript estimate, figure source table, main table, or supplementary table	R2
02_colocalization_and_finemapping	SuSiE fine-mapping	code/02_colocalization_and_finemapping/03_run_susie_finemapping.R	scripts/22_run_iteration7_ldaware_susie_finemapping.R	D01;D02;D03;D05;D14;D15	figure panel source data and Tables S1-S17 where applicable	manuscript estimate, figure source table, main table, or supplementary table	R3
02_colocalization_and_finemapping	TSPAN14 multi-trait model	code/02_colocalization_and_finemapping/04_run_tspan14_multitrait_hyprcoloc.R	scripts/163_p0_tspan14_hyprcoloc_reanalysis.R	D01;D02;D03;D05;D14;D15	figure panel source data and Tables S1-S17 where applicable	manuscript estimate, figure source table, main table, or supplementary table	R2
02_colocalization_and_finemapping	TSPAN14 colocalization sensitivity	code/02_colocalization_and_finemapping/05_run_tspan14_coloc_sensitivity.R	scripts/166_p0_tspan14_coloc_susie_sensitivity.R	D01;D02;D03;D05;D14;D15	figure panel source data and Tables S1-S17 where applicable	manuscript estimate, figure source table, main table, or supplementary table	
02_colocalization_and_finemapping	LD-block functional annotation	code/02_colocalization_and_finemapping/06_annotate_tspan14_ld_block.py	scripts/142_ld_block_functional_annotation.py	D01;D02;D03;D05;D14;D15	figure panel source data and Tables S1-S17 where applicable	manuscript estimate, figure source table, main table, or supplementary table	R3
03_exact_splicing	Risk-allele harmonization	code/03_exact_splicing/01_harmonize_microglial_sqtl_alleles.py	scripts/95_harmonize_miga_sqtl_alleles.py	D01;D02;D05;D06;D07;D15	figure panel source data and Tables S1-S17 where applicable	manuscript estimate, figure source table, main table, or supplementary table	R4
03_exact_splicing	Coordinate and method audit	code/03_exact_splicing/02_define_exact_exon5_6_event.py	scripts/96_annotate_splice_event_and_methods_trace.py	D01;D02;D05;D06;D07;D15	figure panel source data and Tables S1-S17 where applicable	manuscript estimate, figure source table, main table, or supplementary table	R4
03_exact_splicing	Exact-event validation	code/03_exact_splicing/03_validate_exact_and_adjacent_junctions.py	scripts/160_targeted_splice_validation.py	D01;D02;D05;D06;D07;D15	figure panel source data and Tables S1-S17 where applicable	manuscript estimate, figure source table, main table, or supplementary table	
03_exact_splicing	Raw IER and per-allele magnitude	code/03_exact_splicing/04_estimate_raw_intron_excision_ratio.py	scripts/249_p1_leafcutter_delta_ier.py	D01;D02;D05;D06;D07;D15	figure panel source data and Tables S1-S17 where applicable	manuscript estimate, figure source table, main table, or supplementary table	R5
03_exact_splicing	Exact-coordinate external replication	code/03_exact_splicing/05_replicate_exact_event_across_neural_tissues.py	scripts/190_p1_gtex_exact_brain_sqtl_replication.py	D01;D02;D05;D06;D07;D15	figure panel source data and Tables S1-S17 where applicable	manuscript estimate, figure source table, main table, or supplementary table	R6
03_exact_splicing	Exon5-6/exon6-7 co-usage	code/03_exact_splicing/06_analyze_adjacent_junction_cousage.py	scripts/169_p1_public_brain_junction_cousage.py	D01;D02;D05;D06;D07;D15	figure panel source data and Tables S1-S17 where applicable	manuscript estimate, figure source table, main table, or supplementary table	R7
03_exact_splicing	Exact-event AD colocalization	code/03_exact_splicing/07_colocalize_exact_event_with_ad.R	scripts/197_p1_exact_ba24_coloc.R	D01;D02;D05;D06;D07;D15	figure panel source data and Tables S1-S17 where applicable	manuscript estimate, figure source table, main table, or supplementary table	R8
03_exact_splicing	Exact-event lipid colocalization	code/03_exact_splicing/08_colocalize_exact_event_with_lipids.R	scripts/199_p1_exact_ba24_lipid_sqtl_coloc.R	D01;D02;D05;D06;D07;D15	figure panel source data and Tables S1-S17 where applicable	manuscript estimate, figure source table, main table, or supplementary table	R8
03_exact_splicing	Exact-event multiple-signal colocalization	code/03_exact_splicing/09_run_exact_event_coloc_susie.R	scripts/200_p1_exact_ba24_ad_sqtl_susie.R	D01;D02;D05;D06;D07;D15	figure panel source data and Tables S1-S17 where applicable	manuscript estimate, figure source table, main table, or supplementary table	R8
04_causal_triangulation	LD and allele orientation	code/04_causal_triangulation/01_harmonize_ld_and_allele_orientation.py	scripts/203_p1_fetch_ld_allele_orientation.py	D01;D02;D03;D04;D05;D18;D19	figure panel source data and Tables S1-S17 where applicable	manuscript estimate, figure source table, main table, or supplementary table	
04_causal_triangulation	LD-aware cis-MR	code/04_causal_triangulation/02_run_ld_aware_cis_mr.py	scripts/202_p1_ld_aware_cis_mr.py	D01;D02;D03;D04;D05;D18;D19	figure panel source data and Tables S1-S17 where applicable	manuscript estimate, figure source table, main table, or supplementary table	R9
04_causal_triangulation	Participant-overlap sensitivity	code/04_causal_triangulation/03_evaluate_sample_overlap_bias.py	scripts/250_p1_cis_mr_sample_overlap.py	D01;D02;D03;D04;D05;D18;D19	figure panel source data and Tables S1-S17 where applicable	manuscript estimate, figure source table, main table, or supplementary table	R9
04_causal_triangulation	Complete bidirectional MR module	code/04_causal_triangulation/04_run_bidirectional_genomewide_mr.py	scripts/255_p1_complete_mr_module.py	D01;D02;D03;D04;D05;D18;D19	figure panel source data and Tables S1-S17 where applicable	manuscript estimate, figure source table, main table, or supplementary table	R10
04_causal_triangulation	MVMR conditional strength	code/04_causal_triangulation/05_diagnose_mvmr_strength.R	scripts/256_p1_mvmr_strength_diagnostics.R	D01;D02;D03;D04;D05;D18;D19	figure panel source data and Tables S1-S17 where applicable	manuscript estimate, figure source table, main table, or supplementary table	
04_causal_triangulation	Joint lipid MVMR preparation	code/04_causal_triangulation/06_prepare_joint_lipid_mvmr.py	scripts/257_p1_joint_global_lipid_mvmr.py	D01;D02;D03;D04;D05;D18;D19	figure panel source data and Tables S1-S17 where applicable	manuscript estimate, figure source table, main table, or supplementary table	
04_causal_triangulation	Joint lipid MVMR	code/04_causal_triangulation/07_run_joint_lipid_mvmr.R	scripts/258_p1_global_lipid_mvmr.R	D01;D02;D03;D04;D05;D18;D19	figure panel source data and Tables S1-S17 where applicable	manuscript estimate, figure source table, main table, or supplementary table	R10
04_causal_triangulation	MR-PRESSO and leave-one-out	code/04_causal_triangulation/08_run_mr_presso_and_leave_one_out.R	scripts/259_p1_mr_presso_and_loo.R	D01;D02;D03;D04;D05;D18;D19	figure panel source data and Tables S1-S17 where applicable	manuscript estimate, figure source table, main table, or supplementary table	
04_causal_triangulation	Mediation identifiability synthesis	code/04_causal_triangulation/09_synthesize_mediation_identifiability.py	scripts/260_p1_mr_mediation_synthesis.py	D01;D02;D03;D04;D05;D18;D19	figure panel source data and Tables S1-S17 where applicable	manuscript estimate, figure source table, main table, or supplementary table	
04_causal_triangulation	Local PC-MVMR preparation	code/04_causal_triangulation/10_prepare_local_pc_mvmr.py	scripts/261_prepare_pc_mvmr_inputs.py	D01;D02;D03;D04;D05;D18;D19	figure panel source data and Tables S1-S17 where applicable	manuscript estimate, figure source table, main table, or supplementary table	
04_causal_triangulation	Local PC-GMM	code/04_causal_triangulation/11_run_local_pc_gmm.R	scripts/262_run_pc_mvmr.R	D01;D02;D03;D04;D05;D18;D19	figure panel source data and Tables S1-S17 where applicable	manuscript estimate, figure source table, main table, or supplementary table	R10
04_causal_triangulation	PC-dimension sensitivity	code/04_causal_triangulation/12_test_pc_dimension_sensitivity.R	scripts/265_pc_mediation_dimension_sensitivity.R	D01;D02;D03;D04;D05;D18;D19	figure panel source data and Tables S1-S17 where applicable	manuscript estimate, figure source table, main table, or supplementary table	R10
04_causal_triangulation	Independent trans-sQTL search	code/04_causal_triangulation/13_audit_independent_trans_sqtl_instruments.py	scripts/264_audit_interval_trans_sqtl.py	D01;D02;D03;D04;D05;D18;D19	figure panel source data and Tables S1-S17 where applicable	manuscript estimate, figure source table, main table, or supplementary table	
04_causal_triangulation	Final causal-scope audit	code/04_causal_triangulation/14_finalize_causal_scope_audit.py	scripts/266_finalize_mediation_rescue_audit.py	D01;D02;D03;D04;D05;D18;D19	figure panel source data and Tables S1-S17 where applicable	manuscript estimate, figure source table, main table, or supplementary table	R10
05_cell_context	Cell-type chromatin context	code/05_cell_context/01_analyze_cell_type_chromatin_support.py	scripts/143_cell_type_chromatin_support.py	D05;D06;D08;D09;D10;D11;D12;D13;D14	figure panel source data and Tables S1-S17 where applicable	manuscript estimate, figure source table, main table, or supplementary table	
05_cell_context	Single-cell meta-analysis extraction	code/05_cell_context/02_extract_single_cell_meta_analysis.py	scripts/227_extract_nakatsuka_tspan14_meta.py	D05;D06;D08;D09;D10;D11;D12;D13;D14	figure panel source data and Tables S1-S17 where applicable	manuscript estimate, figure source table, main table, or supplementary table	R12
05_cell_context	GSE138852 pseudobulk	code/05_cell_context/03_build_gse138852_pseudobulk.py	scripts/228_gse138852_pool_pseudobulk.py	D05;D06;D08;D09;D10;D11;D12;D13;D14	figure panel source data and Tables S1-S17 where applicable	manuscript estimate, figure source table, main table, or supplementary table	R12
05_cell_context	GSE138852 differential expression	code/05_cell_context/04_analyze_gse138852_pseudobulk.R	scripts/229_gse138852_pool_pseudobulk_edger.R	D05;D06;D08;D09;D10;D11;D12;D13;D14	figure panel source data and Tables S1-S17 where applicable	manuscript estimate, figure source table, main table, or supplementary table	R12
05_cell_context	GSE243292 pseudobulk	code/05_cell_context/05_build_gse243292_microglia_pseudobulk.py	scripts/230_gse243292_microglia_pseudobulk.py	D05;D06;D08;D09;D10;D11;D12;D13;D14	figure panel source data and Tables S1-S17 where applicable	manuscript estimate, figure source table, main table, or supplementary table	R12
05_cell_context	GSE243292 differential expression	code/05_cell_context/06_analyze_gse243292_microglia_pseudobulk.R	scripts/231_gse243292_microglia_edger.R	D05;D06;D08;D09;D10;D11;D12;D13;D14	figure panel source data and Tables S1-S17 where applicable	manuscript estimate, figure source table, main table, or supplementary table	R12
05_cell_context	Cell-attribution guardrail	code/05_cell_context/07_separate_bulk_and_cell_resolved_evidence.py	scripts/254_p1_cell_type_attribution_audit.py	D05;D06;D08;D09;D10;D11;D12;D13;D14	figure panel source data and Tables S1-S17 where applicable	manuscript estimate, figure source table, main table, or supplementary table	R11
05_cell_context	Cell-context synthesis	code/05_cell_context/08_synthesize_cell_context_evidence.py	scripts/268_cell_context_mechanism_audit.py	D05;D06;D08;D09;D10;D11;D12;D13;D14	figure panel source data and Tables S1-S17 where applicable	manuscript estimate, figure source table, main table, or supplementary table	R11
06_transcript_and_protein_context	DTU and transcript interpretation	code/06_transcript_and_protein_context/01_interpret_gene_level_dtu.py	scripts/144_gene_level_dtu_transcript_interpretation.py	D15;D16;D17;D20	figure panel source data and Tables S1-S17 where applicable	manuscript estimate, figure source table, main table, or supplementary table	
06_transcript_and_protein_context	Splice-to-protein mapping	code/06_transcript_and_protein_context/02_map_splice_boundary_to_protein.py	scripts/99_map_tspan14_splice_to_protein_features.py	D15;D16;D17;D20	figure panel source data and Tables S1-S17 where applicable	manuscript estimate, figure source table, main table, or supplementary table	R13
06_transcript_and_protein_context	EC2 and AlphaFold context	code/06_transcript_and_protein_context/03_analyze_ec2_structural_context.py	scripts/162_tspan14_ec2_structural_context.py	D15;D16;D17;D20	figure panel source data and Tables S1-S17 where applicable	manuscript estimate, figure source table, main table, or supplementary table	R13
06_transcript_and_protein_context	Proteomic evidence audit	code/06_transcript_and_protein_context/04_audit_protein_and_pqtl_evidence.py	scripts/191_p2_protein_context_direct_evidence_audit.py	D15;D16;D17;D20	figure panel source data and Tables S1-S17 where applicable	manuscript estimate, figure source table, main table, or supplementary table	R14
07_manuscript_tables	Main publication tables	code/07_manuscript_tables/01_build_main_tables.py	scripts/272_rebuild_main_tables.py	derived source tables from all analysis modules	figure panel source data and Tables S1-S17 where applicable	manuscript estimate, figure source table, main table, or supplementary table	
